price,rooms,area,floor,District,longitude,latitude,building size (floors)
570,1,17.0,2,Naujamiestis,25.264768,54.680141,5
650,2,53.0,3,Liepkalnis,25.2999754,54.6628872,5
750,2,40.0,1,Valakampiai,25.311143235230016,54.725798,2
400,1,18.0,3,Antakalnis,25.31507,54.7117059,5
1800,4,144.0,2,Senamiestis,25.2847694,54.6780901,3
730,2,41.0,4,Pašilaičiai,25.219637,54.7387996,9
890,2,55.07,1,Žirmūnai,25.3050482,54.7157121,4
499,2,26.56,1,Naujamiestis,25.245021,54.667674,5
620,2,23.0,4,Senamiestis,25.2964286,54.6765474,5
370,1,20.0,3,Naujininkai,25.273563,54.662677,4
1150,2,50.0,2,Senamiestis,25.2824605,54.6865081,5
650,2,42.0,10,Baltupiai,25.2801343,54.7282735,14
840,2,40.0,1,Paupys,25.3032805,54.6786994,4
700,2,32.0,4,Žirmūnai,25.2960633,54.7199848,9
550,3,67.0,7,Šeškinė,25.2356422,54.7147111,9
870,3,49.83,5,Karoliniškės,25.21827851645063,54.6953297,5
700,2,40.6,2,Karoliniškės,25.21827851645063,54.6953297,5
700,2,56.0,1,Naujamiestis,25.264768,54.680141,5
550,1,27.0,1,Karoliniškės,25.21827851645063,54.6953297,5
850,2,51.0,3,Užupis,25.3008276,54.6812167,3
420,1,20.0,1,Žirmūnai,25.3050482,54.7157121,1
599,1,30.0,5,Žvėrynas,25.249828,54.695925,9
820,3,72.0,2,Antakalnis,25.31507,54.7117059,4
800,2,60.0,1,Senamiestis,25.287693,54.683127,2
1350,5,80.0,3,Senamiestis,25.2840381,54.6789287,4
900,2,41.0,2,Senamiestis,25.2840381,54.6789287,3
770,2,53.0,1,Viršuliškės,25.213686,54.7016862,9
650,2,51.0,1,Fabijoniškės,25.2374099,54.7315103,7
970,2,53.84,5,Šnipiškės,25.2706146,54.6975998,29
750,2,52.0,3,Naujamiestis,25.2539717,54.6768665,11
600,3,72.0,5,Pašilaičiai,25.219637,54.7387996,8
699,2,40.0,2,Naujamiestis,25.264768,54.680141,4
599,1,30.0,3,Naujamiestis,25.264768,54.680141,4
450,1,18.0,1,Šnipiškės,25.2817254,54.6949273,5
600,2,50.0,4,Naujamiestis,25.264768,54.680141,5
550,2,40.0,7,Antakalnis,25.3171585,54.7195619,8
550,1,43.0,2,Justiniškės,25.2228709,54.7211373,5
850,3,70.0,1,Antakalnis,25.3228828,54.7064542,5
300,1,20.0,2,Naujininkai,25.273563,54.662677,3
1200,3,81.0,3,Užupis,25.301823076879643,54.68413115,4
630,2,43.0,5,Baltupiai,25.2801343,54.7282735,14
630,2,46.23,7,Pašilaičiai,25.2243428,54.7367895,9
600,1,39.0,3,Žirmūnai,25.3050482,54.7157121,9
820,2,49.0,5,Naujamiestis,25.2753772,54.6767869,7
500,1,28.0,5,Pašilaičiai,25.2253933,54.7259967,5
460,1,36.0,3,Fabijoniškės,25.246433,54.731814,5
570,1,32.0,4,Antakalnis,25.3118899,54.7033583,4
800,3,56.0,2,Karoliniškės,25.2012715,54.6879126,5
600,3,67.0,2,Fabijoniškės,25.246433,54.731814,5
600,2,63.0,10,Pašilaičiai,25.2107630181918,54.73645825,16
1250,3,52.0,2,Šnipiškės,25.285138,54.6966918,6
595,2,45.0,2,Senamiestis,25.287693,54.683127,3
720,2,46.0,4,Antakalnis,25.319595220530616,54.7241562,7
999,3,75.0,1,Vilkpėdė,25.2360528,54.6636771,6
800,2,40.0,3,Šnipiškės,25.2690681,54.6999287,6
900,2,50.55,3,Markučiai,25.3180472,54.6763855,6
1000,2,48.83,8,Žirmūnai,25.2960633,54.7199848,9
740,2,32.5,3,Naujamiestis,25.264768,54.680141,4
990,2,52.0,6,Naujamiestis,25.2571911,54.6734081,9
500,2,44.0,9,Pašilaičiai,25.2164886,54.7385893,9
650,1,36.0,1,Naujamiestis,25.252939,54.651624,3
715,2,39.0,4,Žirmūnai,25.228239,54.711003,5
1050,2,56.0,3,Žvėrynas,25.260394,54.700248,10
690,2,52.0,3,Naujininkai,25.27908,54.6591884,6
250,1,41.0,2,Vilkpėdė,25.2468794,54.6675218,4
1100,2,47.0,0,Užupis,25.3008276,54.6812167,4
600,2,33.0,2,Šeškinė,25.2323775,54.7193989,5
300,1,17.0,1,Naujininkai,25.273605,54.661445,5
900,3,68.3,6,Pašilaičiai,25.2176973,54.7293428,6
1200,3,61.4,4,Žirmūnai,25.3050482,54.7157121,5
1000,3,56.0,8,Šnipiškės,25.282158,54.6947179,9
1400,3,66.0,5,Šnipiškės,25.2690681,54.6999287,6
800,2,47.0,5,Šnipiškės,25.2690681,54.6999287,5
600,4,107.0,2,Naujoji Vilnia,25.368176,54.694191,2
350,1,36.0,5,Žemieji Paneriai,25.2056134,54.6436165,5
650,2,62.27,1,Lazdynai,25.2148876,54.666674,6
700,3,80.0,4,Jeruzalė,25.2681728,54.7376318,5
900,2,56.26,2,Markučiai,25.3207304,54.6768792,5
700,3,64.0,4,Karoliniškės,25.202447,54.685872,9
450,1,20.0,2,Šnipiškės,25.2668422,54.7044446,2
475,1,33.0,3,Lazdynai,25.2164788,54.6787988,5
700,2,39.0,4,Naujamiestis,25.2626184,54.6705058,11
490,2,27.0,2,Senamiestis,25.287693,54.683127,2
950,3,89.86,1,Lazdynėliai,25.2148876,54.666674,6
420,1,24.17,1,Paupys,25.3048917,54.6770663,5
330,1,13.0,5,Antakalnis,25.3118899,54.7033583,5
3100,3,132.0,3,Senamiestis,25.2789843,54.6728266,4
690,2,53.0,1,Pavilnys,25.3448084,54.6593134,1
650,3,67.0,1,Naujamiestis,25.2626184,54.6705058,1
460,1,40.0,1,Justiniškės,25.2221629,54.7175726,1
500,1,25.0,2,Šnipiškės,25.2668422,54.7044446,2
720,2,40.0,2,Šnipiškės,25.2668422,54.7044446,2
820,3,69.48,2,Fabijoniškės,25.246433,54.731814,5
670,3,59.79,1,Pašilaičiai,25.2206319,54.7411864,9
850,3,81.51,6,Pašilaičiai,25.2256323,54.7405473,9
1400,5,120.0,3,Žirmūnai,25.3047908,54.7056893,3
1200,2,51.51,10,Šnipiškės,25.2725536,54.7004606,11
650,1,27.0,2,Senamiestis,25.2817712,54.6892593,3
800,2,48.0,5,Naujamiestis,25.254835,54.670731,7
650,4,74.0,2,Karoliniškės,25.205018,54.688955,5
690,2,61.0,5,Lazdynėliai,25.2148876,54.666674,9
800,2,41.5,5,Žvėrynas,25.2538475,54.6997206,6
320,1,12.0,4,Naujamiestis,25.263597,54.69795,5
1100,3,65.0,1,Naujamiestis,25.264768,54.680141,4
260,1,16.0,2,Baltupiai,25.280134,54.728274,3
700,2,44.0,5,Šeškinė,25.2540264,54.7068111,7
500,1,16.0,1,Senamiestis,25.2817712,54.6892593,3
320,1,21.0,4,Naujamiestis,25.254835,54.670731,5
1150,3,54.0,5,Šnipiškės,25.2770623,54.7121167,6
750,2,50.0,2,Naujamiestis,25.2629171,54.6806792,4
650,2,40.99,4,Baltupiai,25.2784789,54.7275851,4
950,2,60.0,2,Senamiestis,25.285116,54.6772258,3
480,1,32.41,3,Šnipiškės,25.2817254,54.6949273,5
1100,2,55.14,4,Užupis,25.3008276,54.6812167,4
1780,3,100.0,4,Senamiestis,25.287693,54.683127,6
990,3,93.0,4,Antakalnis,25.312009,54.705407,5
1200,4,82.0,1,Lazdynėliai,25.2158687,54.6671298,3
750,2,41.0,2,Naujamiestis,25.245021,54.667674,4
1000,2,46.0,4,Naujamiestis,25.2659857,54.6866673,5
200,1,14.0,4,Lazdynai,25.2164788,54.6787988,5
250,1,25.0,1,Baltupiai,25.280134,54.728274,2
390,1,12.0,2,Antakalnis,25.3383781,54.7087955,2
890,2,47.0,3,Baltupiai,25.2831395,54.7142794,8
1750,3,61.0,5,Senamiestis,25.2824605,54.6865081,6
650,2,56.0,2,Pašilaičiai,25.219637,54.7387996,9
1600,3,67.0,5,Šnipiškės,25.282158,54.6947179,8
700,1,36.0,3,Senamiestis,25.2835375,54.6766768,4
430,1,30.0,1,Žirmūnai,25.3050482,54.7157121,9
650,2,60.0,1,Antakalnis,25.312009,54.705407,2
1500,3,63.0,1,Markučiai,25.319347221199315,54.67545065,5
750,2,63.0,1,Pašilaičiai,25.2162652,54.7321521,5
950,2,61.4,4,Senamiestis,25.2778908,54.6850306,4
950,3,82.2,2,Antakalnis,25.3333534,54.7192002,5
890,2,45.16,4,Markučiai,25.3180472,54.6763855,6
780,2,55.0,4,Visoriai,25.2500488,54.7434059,6
390,1,32.57,3,Naujamiestis,25.2588027,54.6703567,5
800,1,35.0,5,Šnipiškės,25.278242,54.6973462,11
850,2,58.0,7,Šnipiškės,25.2706146,54.6975998,29
350,1,10.0,1,Senamiestis,25.2863997,54.6766411,3
700,2,40.0,2,Naujamiestis,25.264768,54.680141,5
850,2,42.81,3,Visoriai,25.2500488,54.7434059,5
600,2,34.0,2,Viršuliškės,25.2261676,54.7068117,5
1399,4,107.0,4,Antakalnis,25.3092627,54.6920042,4
800,2,46.0,4,Žvėrynas,25.2538475,54.6997206,6
650,2,50.0,7,Karoliniškės,25.21827851645063,54.6953297,9
500,2,51.0,1,Pašilaičiai,25.2372018,54.7296563,9
520,1,36.16,1,Jeruzalė,25.2732963,54.7452091,6
410,1,25.0,6,Pašilaičiai,25.2107630181918,54.73645825,7
1200,3,72.0,3,Naujamiestis,25.264768,54.680141,4
1200,2,69.0,5,Naujamiestis,25.264768,54.680141,6
1100,2,46.0,5,Šeškinė,25.2540264,54.7068111,7
1250,2,47.49,3,Žvėrynas,25.2456843,54.6987056,3
600,3,66.0,1,Pašilaičiai,25.227281380275763,54.7298632,9
650,1,27.0,2,Užupis,25.2923965,54.6805074,3
1500,3,100.0,2,Senamiestis,25.2863789192852,54.6829713,3
700,1,90.0,1,Naujamiestis,25.264768,54.680141,3
400,1,17.0,2,Naujamiestis,25.2707414,54.6781128,5
1000,1,40.4,1,Senamiestis,25.2806889,54.6805537,4
800,2,60.0,1,Pavilnys,25.354774,54.678549,3
780,3,58.0,5,Vilkpėdė,25.246189,54.669892,5
400,1,31.0,1,Pavilnys,25.3617204,54.6717132,3
830,2,53.0,5,Rasos,25.3180472,54.6763855,6
1450,3,69.0,4,Senamiestis,25.2921767,54.6776383,4
749,1,43.0,2,Naujamiestis,25.264768,54.680141,4
890,2,52.0,5,Naujamiestis,25.254835,54.670731,7
560,2,71.0,2,Šnipiškės,25.2668422,54.7044446,3
590,2,45.0,3,Šiaurės miestelis,25.3045857,54.71086,5
1250,3,98.0,4,Žvėrynas,25.2494676,54.7009206,4
600,1,25.0,2,Senamiestis,25.287693,54.683127,3
550,1,28.0,5,Baltupiai,25.265448944117644,54.73593325,8
1270,2,46.0,3,Paupys,25.3032805,54.6786994,3
480,3,67.0,3,Fabijoniškės,25.246433,54.731814,5
1050,2,37.89,2,Paupys,25.3025487,54.6785287,4
490,1,20.0,4,Žvėrynas,25.2575185,54.6955659,5
790,2,55.0,2,Senamiestis,25.2921767,54.6776383,3
870,2,45.1,5,Markučiai,25.319347221199315,54.67545065,5
499,1,30.0,1,Valakampiai,25.3069084,54.742593,4
330,1,9.0,5,Naujamiestis,25.2585443,54.6749755,5
540,3,65.0,1,Justiniškės,25.2228709,54.7211373,5
730,2,61.0,2,Šiaurės miestelis,25.304586,54.71086,7
1600,6,250.0,4,Pašilaičiai,25.2372018,54.7296563,4
935,2,46.0,1,Senamiestis,25.287693,54.683127,3
750,2,40.0,1,Senamiestis,25.2891632,54.6820404,3
549,2,48.0,2,Žirmūnai,25.2885331,54.703226,5
549,2,60.0,9,Šnipiškės,25.285138,54.6966918,10
580,2,35.0,1,Šnipiškės,25.2688417,54.6994753,3
690,2,63.94,3,Naujamiestis,25.2659857,54.6866673,3
380,1,15.0,1,Naujamiestis,25.2773652,54.6752051,4
350,1,30.0,2,Šnipiškės,25.273601,54.697375,5
1350,4,75.0,1,Kalnėnai,25.341432,54.6496628,3
849,2,50.0,2,Antakalnis,25.3171585,54.7195619,6
800,2,36.5,2,Senamiestis,25.2964286,54.6765474,3
849,2,54.81,2,Senamiestis,25.287693,54.683127,5
330,1,22.0,5,Antakalnis,25.311821157774403,54.71195935,9
870,3,60.0,2,Rasos,25.2976897,54.6703948,2
630,2,60.0,4,Pašilaičiai,25.2316746,54.7314012,5
800,2,41.0,8,Šnipiškės,25.2706146,54.6975998,16
550,1,41.0,1,Šiaurės miestelis,25.304586,54.71086,8
300,1,30.0,3,Naujamiestis,25.2753772,54.6767869,7
550,3,67.0,6,Pašilaičiai,25.2253933,54.7259967,9
850,2,47.0,5,Žvėrynas,25.2546691,54.6981251,5
500,2,52.0,9,Šeškinė,25.2388274,54.7123434,9
690,2,43.0,4,Naujamiestis,25.2629171,54.6806792,5
500,2,55.0,4,Žvėrynas,25.251407,54.6916327,5
480,2,50.0,3,Žirmūnai,25.3050482,54.7157121,5
900,4,95.0,22,Viršuliškės,25.2171297,54.7013381,23
1850,3,96.52,5,Senamiestis,25.2824605,54.6865081,5
1500,3,146.0,23,Šnipiškės,25.2706146,54.6975998,27
540,1,34.0,5,Viršuliškės,25.2261676,54.7068117,5
700,2,47.0,2,Užupis,25.3035011,54.6837083,3
570,1,36.0,3,Žirmūnai,25.2960633,54.7199848,9
550,2,31.0,3,Senamiestis,25.2891632,54.6820404,4
300,1,18.0,4,Naujininkai,25.2730874,54.6608848,5
790,2,44.6,3,Šnipiškės,25.2770623,54.7121167,8
950,3,85.0,2,Baltupiai,25.2784789,54.7275851,4
400,1,27.0,1,Viršuliškės,25.2249903,54.7072538,12
650,1,28.0,1,Markučiai,25.3207304,54.6768792,5
1100,4,80.0,1,Senamiestis,25.2812024,54.6777777,5
950,2,52.0,2,Senamiestis,25.26602,54.686825,5
350,1,41.0,4,Fabijoniškės,25.2374099,54.7315103,5
450,1,20.0,3,Naujamiestis,25.2704693,54.6692933,4
1100,3,66.0,2,Naujamiestis,25.264768,54.680141,4
500,2,45.0,16,Žirmūnai,25.300621223729205,54.71858105,16
400,1,21.0,5,Karoliniškės,25.202447,54.685872,5
750,3,50.26,5,Žirmūnai,25.2941771,54.7099347,5
370,1,31.0,5,Žirmūnai,25.2869142,54.7153427,9
900,2,50.0,1,Naujamiestis,25.264768,54.680141,8
1300,3,103.0,3,Antakalnis,25.319595220530616,54.7241562,3
2500,5,108.64,4,Paupys,25.3032805,54.6786994,4
1100,3,97.0,3,Senamiestis,25.2863997,54.6766411,3
750,2,45.0,2,Žvėrynas,25.2538475,54.6997206,5
820,2,44.1,4,Naujamiestis,25.254835,54.670731,6
850,2,48.0,2,Baltupiai,25.2831395,54.7142794,8
650,2,50.0,3,Pašilaičiai,25.2206319,54.7411864,9
690,2,39.22,3,Senamiestis,25.287693,54.683127,4
749,2,45.0,1,Žvėrynas,25.2546691,54.6981251,2
1200,2,49.1,2,Markučiai,25.319347221199315,54.67545065,6
500,2,42.0,1,Naujininkai,25.2742388,54.662786,2
360,1,16.0,3,Naujamiestis,25.264768,54.680141,5
760,3,55.75,4,Antakalnis,25.3171585,54.7195619,5
1300,3,74.0,2,Šnipiškės,25.285138,54.6966918,6
150,1,19.5,7,Karoliniškės,25.205018,54.688955,9
1100,3,72.0,3,Naujamiestis,25.2738379,54.6770904,4
600,2,49.11,5,Naujamiestis,25.2539717,54.6768665,5
500,2,49.0,3,Viršuliškės,25.2249903,54.7072538,9
630,1,36.0,12,Žirmūnai,25.3050482,54.7157121,12
750,3,68.0,5,Naujamiestis,25.2753772,54.6767869,5
580,1,40.0,2,Justiniškės,25.2228709,54.7211373,6
750,2,47.0,3,Naujamiestis,25.246189,54.669892,6
400,1,30.0,1,Žirmūnai,25.3050482,54.7157121,5
550,2,46.0,1,Antakalnis,25.311821157774403,54.71195935,5
800,2,45.0,8,Naujamiestis,25.2588027,54.6703567,9
930,3,60.0,12,Viršuliškės,25.2129169,54.7009093,15
1600,3,109.0,3,Naujamiestis,25.264768,54.680141,6
1100,2,52.8,3,Markučiai,25.3207304,54.6768792,5
280,1,18.0,3,Antakalnis,25.312009,54.705407,5
780,2,42.0,4,Senamiestis,25.287693,54.683127,6
950,2,50.0,1,Baltupiai,25.2831395,54.7142794,8
600,2,42.0,3,Naujininkai,25.273563,54.662677,4
550,3,66.0,4,Justiniškės,25.2228709,54.7211373,9
750,2,36.05,2,Markučiai,25.3207304,54.6768792,6
470,1,19.0,3,Naujamiestis,25.2704693,54.6692933,4
580,1,27.0,4,Antakalnis,25.3171585,54.7195619,9
150,3,65.0,6,Jeruzalė,25.2681728,54.7376318,7
580,2,44.0,2,Žirmūnai,25.3050482,54.7157121,5
450,1,33.0,2,Žirmūnai,25.3050482,54.7157121,5
500,1,46.0,2,Šeškinė,25.242989,54.7161316,16
470,1,29.0,5,Žirmūnai,25.3050482,54.7157121,5
490,2,56.0,7,Karoliniškės,25.211655,54.694067,9
450,1,33.0,3,Naujamiestis,25.2539717,54.6768665,5
720,2,50.0,4,Naujamiestis,25.2585443,54.6749755,11
650,2,64.0,4,Lazdynėliai,25.2148876,54.666674,6
500,2,48.0,3,Žirmūnai,25.3047908,54.7056893,5
450,1,35.0,3,Žvėrynas,25.2546691,54.6981251,5
1200,3,57.0,4,Senamiestis,25.287693,54.683127,4
700,2,76.0,3,Šnipiškės,25.2817254,54.6949273,8
1590,3,100.0,2,Žvėrynas,25.25119,54.6924339,3
699,2,45.0,1,Šnipiškės,25.278242,54.6973462,3
330,1,12.0,2,Naujamiestis,25.254835,54.670731,5
600,2,49.0,1,Šnipiškės,25.2817254,54.6949273,9
600,2,61.0,5,Justiniškės,25.2219966,54.7167438,5
500,1,36.0,1,Pašilaičiai,25.2253933,54.7259967,5
650,2,41.0,2,Pašilaičiai,25.2164886,54.7385893,6
800,3,64.0,4,Naujamiestis,25.264768,54.680141,8
700,3,60.0,1,Antakalnis,25.3504372,54.7376993,1
499,2,60.0,1,Justiniškės,25.2228709,54.7211373,5
1200,3,95.0,3,Naujamiestis,25.2585443,54.6749755,3
499,3,64.0,1,Lazdynai,25.2164788,54.6787988,5
650,2,45.0,4,Naujamiestis,25.2588027,54.6703567,9
750,1,29.0,3,Užupis,25.3008276,54.6812167,5
360,1,12.0,2,Naujamiestis,25.2559437,54.6764673,5
750,2,40.0,5,Senamiestis,25.287693,54.683127,5
790,2,50.0,5,Naujamiestis,25.264768,54.680141,8
600,2,48.0,4,Pašilaičiai,25.2178342,54.7322779,6
900,2,49.08,8,Šnipiškės,25.282158,54.6947179,9
750,3,55.0,1,Žirmūnai,25.3047908,54.7056893,5
550,1,34.0,1,Paupys,25.3025487,54.6785287,3
750,1,34.0,1,Paupys,25.3025487,54.6785287,34
350,1,29.0,3,Antakalnis,25.3118899,54.7033583,5
750,2,32.0,4,Markučiai,25.3180472,54.6763855,5
900,3,64.0,4,Žirmūnai,25.3047908,54.7056893,5
370,1,23.0,5,Naujamiestis,25.2571911,54.6734081,9
660,2,39.0,3,Baltupiai,25.265448944117644,54.73593325,9
400,1,18.0,4,Naujamiestis,25.2753772,54.6767869,5
750,2,40.12,5,Žirmūnai,25.2960633,54.7199848,9
599,2,49.0,3,Fabijoniškės,25.2374099,54.7315103,11
850,2,49.0,3,Šeškinė,25.2388747,54.7087306,5
750,2,55.2,3,Senamiestis,25.287693,54.683127,3
630,2,46.0,4,Pašilaičiai,25.2243428,54.7367895,9
640,2,35.0,1,Senamiestis,25.287693,54.683127,3
520,1,28.0,2,Naujamiestis,25.264768,54.680141,4
750,2,45.0,3,Šnipiškės,25.2690681,54.6999287,5
720,1,25.0,2,Paupys,25.3032805,54.6786994,4
750,3,43.0,1,Šiaurės miestelis,25.304586,54.71086,7
650,1,25.0,2,Šnipiškės,25.2771851,54.7025735,4
1350,3,72.0,3,Senamiestis,25.287693,54.683127,4
800,3,59.0,2,Senamiestis,25.2799354,54.6751868,4
699,2,54.0,11,Žirmūnai,25.300621223729205,54.71858105,16
800,3,73.0,8,Jeruzalė,25.2720408,54.7412661,10
1200,3,110.0,1,Baltupiai,25.2801343,54.7282735,2
330,1,20.0,2,Naujininkai,25.2800463,54.6606221,5
470,1,18.0,5,Žvėrynas,25.2575185,54.6955659,5
1080,1,42.0,1,Senamiestis,25.2824605,54.6865081,6
470,1,18.0,4,Žvėrynas,25.2575185,54.6955659,5
500,3,66.0,8,Pašilaičiai,25.227281380275763,54.7298632,9
690,1,23.0,2,Paupys,25.3032805,54.6786994,4
550,2,54.0,5,Šeškinė,25.242989,54.7161316,13
790,2,51.0,3,Naujamiestis,25.246189,54.669892,6
590,2,49.0,3,Naujamiestis,25.2753772,54.6767869,5
1000,2,50.0,1,Markučiai,25.3207304,54.6768792,6
1200,3,62.23,2,Užupis,25.301823076879643,54.68413115,3
800,2,41.0,3,Naujamiestis,25.254835,54.670731,7
800,2,45.0,1,Paupys,25.3040905,54.6778064,3
600,2,52.0,2,Antakalnis,25.318312,54.7028058,5
650,2,43.0,1,Žvėrynas,25.249828,54.695925,3
750,1,20.0,1,Senamiestis,25.2898263,54.6841157,2
1000,2,45.0,3,Senamiestis,25.287693,54.683127,4
480,1,19.0,3,Senamiestis,25.2964286,54.6765474,6
990,2,54.0,1,Šnipiškės,25.2844976,54.6936793,5
550,2,37.0,3,Senamiestis,25.2789843,54.6728266,3
420,1,35.0,4,Pašilaičiai,25.2236397,54.7313146,5
650,3,69.0,4,Pašilaičiai,25.218555,54.7288412,5
500,3,62.0,2,Justiniškės,25.2228709,54.7211373,9
500,2,56.0,1,Antakalnis,25.3261214,54.7181478,2
590,2,50.0,6,Justiniškės,25.2228709,54.7211373,9
500,1,46.0,7,Pašilaičiai,25.2372018,54.7296563,9
340,1,20.0,4,Antakalnis,25.31507,54.7117059,5
750,2,41.0,5,Šnipiškės,25.2846469,54.7025318,5
500,2,48.0,3,Markučiai,25.3110856,54.6762657,9
500,1,41.09,5,Fabijoniškės,25.246433,54.731814,7
600,2,42.0,5,Antakalnis,25.3171585,54.7195619,5
600,1,25.0,1,Senamiestis,25.2758803,54.6800552,3
550,1,30.0,1,Žirmūnai,25.3050482,54.7157121,5
790,3,70.0,5,Pašilaičiai,25.2316746,54.7314012,9
570,2,49.69,4,Šeškinė,25.242989,54.7161316,5
500,1,31.0,6,Justiniškės,25.2306643,54.7162559,9
700,3,77.0,9,Pašilaičiai,25.2256323,54.7405473,9
1010,3,65.0,2,Žvėrynas,25.2553216,54.6892662,3
800,3,84.0,5,Karoliniškės,25.2012715,54.6879126,5
460,1,32.0,2,Karoliniškės,25.202447,54.685872,9
480,2,41.0,1,Naujininkai,25.2742388,54.662786,2
570,1,26.0,2,Senamiestis,25.287693,54.683127,3
899,2,62.0,4,Šnipiškės,25.2817254,54.6949273,5
780,2,46.13,1,Naujamiestis,25.2758412,54.675117,3
500,1,22.0,3,Šnipiškės,25.2725536,54.7004606,5
730,3,69.0,1,Jeruzalė,25.2763332,54.7409115,1
200,1,17.0,1,Justiniškės,25.2228709,54.7211373,9
400,1,35.0,5,Justiniškės,25.2228709,54.7211373,5
950,2,54.0,1,Naujamiestis,25.2773652,54.6752051,6
800,2,57.0,3,Užupis,25.2923965,54.6805074,4
700,2,42.0,4,Šeškinė,25.2540264,54.7068111,7
850,3,82.0,2,Lazdynėliai,25.2148876,54.666674,9
700,2,44.18,3,Šnipiškės,25.2770623,54.7121167,6
199,2,42.0,1,Žvėrynas,25.2486218,54.6959056,2
700,2,53.66,3,Naujamiestis,25.2753772,54.6767869,4
550,2,58.1,5,Baltupiai,25.265448944117644,54.73593325,5
700,3,58.5,3,Naujininkai,25.273605,54.661445,5
350,1,21.0,3,Naujininkai,25.2730874,54.6608848,9
490,1,38.0,4,Šeškinė,25.2576099,54.7182332,5
700,2,52.0,1,Justiniškės,25.2099657,54.7232631,5
700,2,62.0,6,Justiniškės,25.2219966,54.7167438,11
650,2,46.0,2,Antakalnis,25.318312,54.7028058,5
850,2,41.56,4,Naujamiestis,25.2758412,54.675117,5
620,2,42.0,1,Antakalnis,25.3118899,54.7033583,4
800,2,50.0,3,Naujamiestis,25.2585443,54.6749755,7
750,3,72.3,9,Pašilaičiai,25.2164886,54.7385893,9
500,1,30.0,1,Žirmūnai,25.3050482,54.7157121,5
570,2,40.19,4,Jeruzalė,25.2763332,54.7409115,5
570,3,63.0,5,Jeruzalė,25.269227,54.742649,5
900,2,67.0,3,Žirmūnai,25.2869142,54.7153427,3
900,3,80.0,5,Žirmūnai,25.301475,54.719114,9
720,2,48.0,4,Antakalnis,25.312009,54.705407,6
600,2,60.0,9,Žirmūnai,25.301475,54.719114,11
680,3,62.0,3,Lazdynai,25.2100071,54.6748452,5
590,1,31.8,4,Šnipiškės,25.285138,54.6966918,6
1050,3,74.0,4,Naujamiestis,25.2680814,54.6934811,4
850,2,50.0,1,Žvėrynas,25.2471801,54.6990326,5
470,1,38.96,4,Visoriai,25.2500488,54.7434059,5
600,2,40.0,2,Žirmūnai,25.3050482,54.7157121,5
500,1,29.0,1,Antakalnis,25.312009,54.705407,4
690,2,45.0,2,Senamiestis,25.287693,54.683127,4
550,3,67.0,9,Pašilaičiai,25.2253933,54.7259967,9
760,2,36.61,3,Šnipiškės,25.2771851,54.7025735,4
440,1,38.0,1,Žvėrynas,25.2534295,54.6949413,2
450,1,30.0,4,Žirmūnai,25.3050482,54.7157121,9
850,2,35.0,3,Senamiestis,25.2855354,54.6740589,4
500,1,31.97,1,Antakalnis,25.315727,54.7082195,4
720,2,37.0,1,Šnipiškės,25.2771851,54.7025735,4
250,1,300.0,2,Tarandė,25.2072291,54.7493131,3
700,2,50.0,6,Šnipiškės,25.273601,54.697375,9
800,3,63.0,9,Šeškinė,25.242989,54.7161316,16
950,2,40.28,9,Šnipiškės,25.2706146,54.6975998,19
1100,3,80.0,3,Senamiestis,25.287693,54.683127,3
700,2,51.0,3,Žirmūnai,25.283886,54.720788,5
520,2,62.0,5,Žemieji Paneriai,25.2103975,54.6404889,5
850,2,45.0,3,Žirmūnai,25.2922688,54.7024694,6
900,2,39.0,3,Senamiestis,25.287693,54.683127,4
205,1,15.0,5,Justiniškės,25.2306643,54.7162559,5
850,3,64.0,4,Naujininkai,25.2839807,54.663336,4
440,1,30.0,5,Žirmūnai,25.3050482,54.7157121,5
450,2,47.0,2,Karoliniškės,25.28206,54.682713,5
650,2,45.37,2,Pašilaičiai,25.2164886,54.7385893,9
550,2,47.0,4,Lazdynai,25.2164788,54.6787988,5
350,1,22.0,3,Žirmūnai,25.3050482,54.7157121,9
670,2,31.0,3,Šnipiškės,25.273601,54.697375,5
630,3,60.0,1,Karoliniškės,25.21827851645063,54.6953297,5
550,2,51.0,4,Lazdynėliai,25.2133688,54.6689362,5
500,2,54.0,4,Pašilaičiai,25.2316746,54.7314012,9
670,2,49.0,2,Pašilaičiai,25.2206319,54.7411864,6
630,1,33.7,3,Naujamiestis,25.2728154,54.6847721,5
750,2,48.58,3,Naujamiestis,25.2728154,54.6847721,5
700,2,34.0,5,Šeškinė,25.2323775,54.7193989,5
870,2,48.0,2,Baltupiai,25.2831395,54.7142794,7
700,1,35.0,1,Žvėrynas,25.2546691,54.6981251,4
700,2,50.0,2,Senamiestis,25.2806889,54.6805537,3
770,2,46.0,5,Naujamiestis,25.2539717,54.6768665,5
480,1,18.3,1,Žvėrynas,25.2575185,54.6955659,5
169,1,10.0,5,Lazdynai,25.2027702,54.6708027,5
450,2,50.0,5,Pašilaičiai,25.2236397,54.7313146,5
420,1,36.0,5,Pašilaičiai,25.227281380275763,54.7298632,9
290,1,72.0,11,Lazdynai,25.2164788,54.6787988,16
790,2,52.0,4,Senamiestis,25.2840381,54.6789287,5
700,3,63.0,3,Karoliniškės,25.205018,54.688955,9
500,1,30.0,8,Šeškinė,25.2576099,54.7182332,9
680,1,32.0,1,Markučiai,25.3207304,54.6768792,5
399,1,32.0,3,Naujamiestis,25.261936,54.67432,5
850,2,33.0,2,Senamiestis,25.2789843,54.6728266,3
650,2,63.0,5,Pašilaičiai,25.2164886,54.7385893,9
650,2,60.0,5,Pašilaičiai,25.2256323,54.7405473,6
650,1,34.0,5,Pašilaičiai,25.2206319,54.7411864,9
500,2,40.0,12,Pašilaičiai,25.2107630181918,54.73645825,16
620,2,34.0,1,Justiniškės,25.218601,54.718473,5
630,2,44.0,2,Naujininkai,25.2691676,54.6634042,5
1000,2,55.0,4,Šnipiškės,25.2876625,54.6964968,7
680,2,50.0,8,Naujininkai,25.2830471,54.6640112,9
500,1,25.0,2,Paupys,25.3025487,54.6785287,3
750,2,40.0,2,Šnipiškės,25.2876625,54.6964968,8
630,2,50.0,3,Fabijoniškės,25.246433,54.731814,9
500,1,36.87,4,Šeškinė,25.2388274,54.7123434,9
650,2,36.5,2,Naujamiestis,25.2629171,54.6806792,4
700,3,67.0,9,Fabijoniškės,25.246433,54.731814,10
570,3,89.0,2,Vilkpėdė,25.2371581,54.6483814,2
550,2,53.0,8,Fabijoniškės,25.246433,54.731814,9
425,1,30.0,3,Naujininkai,25.273605,54.661445,5
280,3,20.0,3,Vilkpėdė,25.246189,54.669892,3
520,2,48.0,6,Pašilaičiai,25.2107630181918,54.73645825,12
670,2,59.0,4,Vilkpėdė,25.2360528,54.6636771,6
750,1,41.0,2,Žvėrynas,25.2456843,54.6987056,3
400,1,33.0,4,Karoliniškės,25.205018,54.688955,5
900,2,54.0,2,Žvėrynas,25.2456843,54.6987056,6
800,3,70.0,3,Fabijoniškės,25.25746,54.7385094,6
300,1,18.0,2,Naujamiestis,25.2753772,54.6767869,5
750,3,64.0,3,Baltupiai,25.2784789,54.7275851,5
500,1,33.0,3,Žirmūnai,25.2885331,54.703226,5
700,3,64.0,4,Antakalnis,25.3173065,54.7019831,5
430,1,33.0,7,Viršuliškės,25.2249903,54.7072538,9
580,2,54.0,2,Žvėrynas,25.249828,54.695925,2
800,2,47.0,5,Šnipiškės,25.2668422,54.7044446,9
725,1,30.0,3,Paupys,25.3025487,54.6785287,4
650,2,38.0,4,Pašilaičiai,25.2162652,54.7321521,4
365,2,50.0,3,Naujamiestis,25.2728154,54.6847721,5
400,1,32.0,7,Baltupiai,25.2784789,54.7275851,9
650,2,31.0,2,Naujamiestis,25.2707414,54.6781128,8
600,1,33.0,5,Naujamiestis,25.2571911,54.6734081,9
399,1,35.0,2,Naujininkai,25.2691676,54.6634042,5
400,2,42.0,1,Antakalnis,25.3189678,54.7164695,5
600,2,40.0,1,Antakalnis,25.3171585,54.7195619,5
700,2,60.0,8,Baltupiai,25.2876241,54.7257187,11
395,1,21.0,1,Naujamiestis,25.264768,54.680141,2
350,1,12.0,3,Naujamiestis,25.2728154,54.6847721,5
560,1,30.3,3,Šeškinė,25.2540264,54.7068111,5
790,2,37.0,1,Šnipiškės,25.2771851,54.7025735,4
570,3,72.0,5,Baltupiai,25.2801343,54.7282735,10
800,2,46.0,4,Šnipiškės,25.2690681,54.6999287,9
800,2,34.0,4,Naujamiestis,25.2626184,54.6705058,5
500,3,100.0,2,Naujamiestis,25.264768,54.680141,4
400,1,15.0,5,Žvėrynas,25.251978,54.6963621,6
600,1,29.0,5,Baltupiai,25.2831395,54.7142794,8
520,2,45.0,4,Žirmūnai,25.3050482,54.7157121,5
650,4,72.0,4,Antakalnis,25.3186172,54.7135184,5
830,3,72.0,3,Naujamiestis,25.264768,54.680141,3
800,3,80.0,1,Naujininkai,25.273605,54.661445,5
450,1,42.0,8,Pašilaičiai,25.2164886,54.7385893,9
630,2,52.99,8,Lazdynėliai,25.2148876,54.666674,9
530,2,46.6,4,Šnipiškės,25.278242,54.6973462,5
650,2,47.0,4,Karoliniškės,25.22511,54.697235,5
425,1,34.0,3,Jeruzalė,25.269227,54.742649,9
649,2,46.0,5,Lazdynai,25.209514,54.67514,6
450,1,14.28,3,Senamiestis,25.2789843,54.6728266,6
500,1,20.0,5,Naujamiestis,25.264768,54.680141,5
430,2,49.0,1,Žirmūnai,25.3050482,54.7157121,9
450,1,35.0,1,Justiniškės,25.2221629,54.7175726,5
800,2,47.0,3,Žvėrynas,25.249828,54.695925,5
550,2,51.1,3,Naujininkai,25.273605,54.661445,5
600,2,60.38,7,Baltupiai,25.2801343,54.7282735,8
560,2,35.0,4,Naujininkai,25.2709531,54.6518753,5
700,3,73.0,8,Lazdynai,25.2164788,54.6787988,16
400,1,28.0,3,Šnipiškės,25.2817254,54.6949273,9
750,2,48.0,6,Šnipiškės,25.2668422,54.7044446,9
989,2,61.0,2,Senamiestis,25.2916215,54.6843316,4
800,2,53.0,2,Naujamiestis,25.2753772,54.6767869,3
999,3,50.0,4,Šnipiškės,25.274536,54.715568,6
600,2,47.0,9,Antakalnis,25.3171585,54.7195619,9
500,2,50.0,3,Justiniškės,25.2228709,54.7211373,5
400,1,35.64,1,Šeškinė,25.2545267,54.7162133,5
650,1,27.0,7,Naujamiestis,25.264768,54.680141,8
1100,3,70.0,1,Senamiestis,25.2819488,54.6755253,3
850,3,64.54,4,Antakalnis,25.3171585,54.7195619,4
400,3,88.0,2,Naujamiestis,25.27265,54.6889838,5
600,1,43.58,1,Žvėrynas,25.2561838,54.6929005,2
650,2,47.0,3,Antakalnis,25.3118899,54.7033583,5
600,1,35.66,2,Paupys,25.3040905,54.6778064,3
200,2,18.0,1,Žvėrynas,25.251407,54.6916327,3
410,1,35.0,3,Senamiestis,25.2859945,54.6803991,3
500,2,42.0,7,Baltupiai,25.265448944117644,54.73593325,12
750,2,40.0,4,Žirmūnai,25.2873676,54.7221601,9
450,2,42.7,3,Fabijoniškės,25.246433,54.731814,12
670,3,67.0,4,Pašilaičiai,25.2236397,54.7313146,5
449,1,16.0,1,Naujininkai,25.2873226,54.6693197,3
750,3,62.0,7,Pašilaičiai,25.219637,54.7387996,12
280,1,12.0,5,Naujamiestis,25.246189,54.669892,5
750,3,52.0,5,Pašilaičiai,25.2162652,54.7321521,7
850,2,37.0,1,Šnipiškės,25.2771851,54.7025735,4
500,2,32.7,5,Naujininkai,25.2827237,54.6663736,5
520,1,28.0,2,Naujamiestis,25.2629171,54.6806792,4
700,3,63.0,4,Justiniškės,25.2219966,54.7167438,5
650,2,46.05,9,Pašilaičiai,25.2243428,54.7367895,9
950,3,58.0,1,Senamiestis,25.287693,54.683127,3
650,2,44.0,5,Žirmūnai,25.3050482,54.7157121,5
600,1,20.35,5,Senamiestis,25.2964286,54.6765474,5
850,3,69.0,2,Pašilaičiai,25.2178342,54.7322779,6
500,1,36.0,6,Žirmūnai,25.3050482,54.7157121,12
550,2,45.0,5,Naujamiestis,25.2539717,54.6768665,5
1000,2,64.0,1,Senamiestis,25.2891632,54.6820404,3
800,3,68.0,1,Senamiestis,25.2806889,54.6805537,2
620,2,50.0,8,Naujamiestis,25.264768,54.680141,9
1300,3,70.0,1,Šnipiškės,25.273601,54.697375,9
650,3,67.0,5,Justiniškės,25.2228709,54.7211373,5
700,3,67.0,5,Šeškinė,25.2576099,54.7182332,5
599,2,51.29,3,Žirmūnai,25.3050482,54.7157121,5
500,2,50.0,4,Žirmūnai,25.3050482,54.7157121,5
570,1,34.0,3,Markučiai,25.3110856,54.6762657,3
480,3,67.0,5,Fabijoniškės,25.2374099,54.7315103,5
670,2,70.0,1,Fabijoniškės,25.246433,54.731814,6
500,4,80.58,4,Antakalnis,25.3173065,54.7019831,5
400,1,40.0,3,Žemieji Paneriai,25.2056134,54.6436165,5
660,3,62.0,2,Lazdynėliai,25.2148876,54.666674,7
420,1,17.0,5,Markučiai,25.3110856,54.6762657,9
530,2,40.0,3,Senamiestis,25.2964286,54.6765474,12
700,2,39.0,4,Pašilaičiai,25.2162652,54.7321521,4
900,2,69.0,2,Markučiai,25.3150449,54.6793174,4
600,3,64.0,5,Šnipiškės,25.2876625,54.6964968,9
390,1,32.88,3,Viršuliškės,25.2249903,54.7072538,9
430,1,33.0,5,Šnipiškės,25.2817254,54.6949273,5
750,2,70.0,2,Senamiestis,25.2874555,54.6792458,3
599,2,40.0,3,Naujamiestis,25.2539717,54.6768665,3
570,2,40.0,1,Naujamiestis,25.2629171,54.6806792,5
549,1,36.0,3,Senamiestis,25.287693,54.683127,4
200,1,19.0,11,Baltupiai,25.2876241,54.7257187,12
420,2,50.0,1,Naujamiestis,25.264768,54.680141,5
290,1,16.0,1,Naujamiestis,25.263597,54.69795,5
850,2,52.53,3,Šnipiškės,25.2690681,54.6999287,7
1000,2,95.0,4,Naujamiestis,25.264768,54.680141,4
600,1,35.0,6,Šnipiškės,25.2690681,54.6999287,7
650,2,50.0,3,Šeškinė,25.2521677,54.7097664,9
850,2,65.0,4,Šnipiškės,25.273601,54.697375,6
890,2,41.0,5,Naujamiestis,25.2738379,54.6770904,5
600,2,45.53,7,Pašilaičiai,25.2243428,54.7367895,9
300,3,70.0,1,Žvėrynas,25.2538475,54.6997206,1
650,2,57.0,9,Lazdynėliai,25.2148876,54.666674,9
390,1,37.0,2,Pašilaičiai,25.2253933,54.7259967,9
650,2,42.95,1,Burbiškės,25.2554692,54.6522728,3
1800,3,97.0,1,Užupis,25.2923965,54.6805074,3
930,3,89.0,3,Jeruzalė,25.2734687,54.7423179,9
600,2,49.5,7,Karoliniškės,25.2173677,54.6928201,9
750,2,78.0,9,Antakalnis,25.3171585,54.7195619,13
600,2,48.0,4,Naujamiestis,25.246189,54.669892,5
730,2,80.0,1,Antakalnis,25.312009,54.705407,3
1400,3,94.0,1,Žvėrynas,25.2405189,54.6983927,2
500,1,40.0,9,Šnipiškės,25.285138,54.6966918,12
830,2,48.0,1,Markučiai,25.319347221199315,54.67545065,7
1300,2,64.0,1,Užupis,25.3008276,54.6812167,1
950,2,38.0,2,Užupis,25.3008276,54.6812167,3
700,2,40.0,1,Paupys,25.3025487,54.6785287,2
800,1,35.0,7,Šnipiškės,25.2876625,54.6964968,7
750,3,57.0,3,Naujamiestis,25.2585443,54.6749755,5
700,1,20.0,3,Senamiestis,25.2840381,54.6789287,4
550,2,52.0,2,Šeškinė,25.2521677,54.7097664,16
750,2,45.0,2,Naujamiestis,25.2707414,54.6781128,3
1000,4,87.0,2,Senamiestis,25.287693,54.683127,2
1600,4,80.0,5,Senamiestis,25.2840381,54.6789287,5
340,1,36.0,9,Naujininkai,25.2662655,54.6637216,9
500,1,45.6,4,Antakalnis,25.3053738,54.6931511,4
560,1,30.0,2,Šnipiškės,25.2725536,54.7004606,10
900,2,50.0,6,Visoriai,25.2500488,54.7434059,6
570,2,41.0,3,Jeruzalė,25.2763332,54.7409115,5
270,1,18.0,2,Naujamiestis,25.264768,54.680141,5
500,2,50.0,3,Šnipiškės,25.2817254,54.6949273,5
750,2,43.62,5,Šnipiškės,25.2690681,54.6999287,5
900,2,45.0,2,Naujamiestis,25.277278,54.678112,4
370,1,33.0,3,Naujininkai,25.2827237,54.6663736,5
320,1,12.6,4,Markučiai,25.3110856,54.6762657,5
1200,2,40.0,4,Paupys,25.3032805,54.6786994,4
750,2,43.18,4,Šnipiškės,25.2724914,54.7019511,6
700,2,58.0,2,Visoriai,25.2500488,54.7434059,6
350,1,25.0,9,Baltupiai,25.265448944117644,54.73593325,12
320,1,29.0,2,Filaretai,25.319121,54.685535,2
230,1,12.0,5,Šnipiškės,25.2817254,54.6949273,12
450,1,30.0,3,Antakalnis,25.3171585,54.7195619,5
600,2,44.0,3,Antakalnis,25.3171585,54.7195619,5
620,2,42.47,4,Antakalnis,25.3171585,54.7195619,5
1250,2,60.0,4,Naujamiestis,25.26183902135083,54.6912607,5
495,1,36.0,2,Fabijoniškės,25.246433,54.731814,5
850,2,45.0,4,Markučiai,25.3180472,54.6763855,6
600,3,66.0,7,Fabijoniškės,25.246433,54.731814,10
650,2,44.0,1,Senamiestis,25.2778908,54.6850306,4
239,1,20.0,5,Naujamiestis,25.2585443,54.6749755,5
800,2,53.5,4,Žvėrynas,25.2555644,54.7024374,6
300,9,30.0,4,Senamiestis,25.2894009,54.6719727,5
650,2,52.0,1,Kalnėnai,25.3313597,54.6545836,3
199,1,20.0,5,Žirmūnai,25.2883611,54.7036477,5
800,2,63.0,8,Užupis,25.3035011,54.6837083,8
850,2,46.0,5,Žvėrynas,25.249828,54.695925,5
850,2,75.0,5,Naujamiestis,25.264768,54.680141,10
1199,3,69.0,3,Senamiestis,25.283398,54.6849125,3
650,2,43.0,4,Šnipiškės,25.285138,54.6966918,4
900,3,53.0,1,Baltupiai,25.265448944117644,54.73593325,7
600,1,29.0,1,Baltupiai,25.2831395,54.7142794,8
670,2,32.55,5,Naujamiestis,25.264768,54.680141,5
560,1,32.0,3,Naujininkai,25.2709531,54.6518753,5
750,2,43.26,2,Šnipiškės,25.2724914,54.7019511,6
800,3,57.0,10,Viršuliškės,25.2129169,54.7009093,16
620,2,54.0,3,Šnipiškės,25.2876625,54.6964968,4
600,1,24.0,2,Senamiestis,25.2817712,54.6892593,3
500,2,49.99,3,Antakalnis,25.31507,54.7117059,5
570,2,44.5,3,Naujininkai,25.2738665,54.6659553,5
770,2,47.0,5,Baltupiai,25.2831395,54.7142794,8
850,2,69.0,2,Užupis,25.301823076879643,54.68413115,4
1250,2,40.0,1,Senamiestis,25.2897244,54.6793386,3
450,1,35.0,7,Justiniškės,25.2221629,54.7175726,9
490,1,29.57,4,Naujininkai,25.2827237,54.6663736,4
180,1,15.0,3,Šnipiškės,25.2876625,54.6964968,9
700,3,68.0,2,Senamiestis,25.2799354,54.6751868,3
199,1,20.0,1,Antakalnis,25.311821157774403,54.71195935,5
400,1,25.0,1,Šnipiškės,25.2817254,54.6949273,9
650,2,52.0,2,Pašilaičiai,25.2206319,54.7411864,9
520,1,30.0,2,Žirmūnai,25.2922688,54.7024694,6
490,1,18.0,2,Žvėrynas,25.2575185,54.6955659,5
800,2,44.0,10,Viršuliškės,25.2249903,54.7072538,11
450,2,50.0,3,Pašilaičiai,25.2236397,54.7313146,5
800,2,42.0,4,Šnipiškės,25.2770623,54.7121167,8
649,2,58.0,4,Lazdynai,25.2148876,54.666674,6
500,2,52.0,3,Pašilaičiai,25.2316746,54.7314012,9
800,2,32.5,1,Paupys,25.3025487,54.6785287,4
420,1,18.0,3,Šnipiškės,25.269068,54.699929,4
700,2,46.0,11,Viršuliškės,25.2249903,54.7072538,11
950,2,60.0,4,Senamiestis,25.287693,54.683127,6
550,2,50.0,5,Jeruzalė,25.2763332,54.7409115,5
550,3,67.0,6,Pašilaičiai,25.2253933,54.7259967,9
500,2,52.0,3,Pašilaičiai,25.228239,54.711003,10
400,1,30.0,6,Antakalnis,25.3171585,54.7195619,9
580,2,47.0,2,Lazdynai,25.2164788,54.6787988,5
990,3,65.0,2,Žirmūnai,25.2941771,54.7099347,4
850,2,55.44,1,Naujamiestis,25.2758412,54.675117,4
390,1,27.0,8,Naujamiestis,25.2588027,54.6703567,9
490,2,50.29,1,Justiniškės,25.2221629,54.7175726,5
179,1,20.0,5,Lazdynai,25.2027702,54.6708027,5
480,2,42.0,3,Antakalnis,25.3171585,54.7195619,4
1000,3,62.04,2,Markučiai,25.3110856,54.6762657,3
300,1,18.0,3,Naujamiestis,25.264768,54.680141,5
630,2,50.0,2,Žvėrynas,25.25119,54.6924339,2
750,2,50.0,4,Viršuliškės,25.2249903,54.7072538,7
700,2,51.0,2,Šnipiškės,25.245806,54.669575,5
490,1,48.02,2,Jeruzalė,25.2720408,54.7412661,9
650,3,55.0,2,Jeruzalė,25.2778893,54.7441863,6
850,3,88.6,4,Pašilaičiai,25.2256323,54.7405473,6
590,2,47.0,4,Karoliniškės,25.202447,54.685872,5
750,3,63.0,3,Lazdynai,25.2027702,54.6708027,5
900,1,55.0,1,Markučiai,25.3207304,54.6768792,5
650,2,54.4,5,Šnipiškės,25.2817254,54.6949273,9
650,2,49.0,8,Pašilaičiai,25.219637,54.7387996,8
580,2,41.0,4,Fabijoniškės,25.246433,54.731814,5
570,2,52.0,3,Šeškinė,25.2356422,54.7147111,12
590,2,50.0,6,Fabijoniškės,25.246433,54.731814,9
750,2,50.0,3,Markučiai,25.319156,54.674879,4
570,2,55.0,2,Lazdynėliai,25.2148876,54.666674,9
650,3,76.0,4,Fabijoniškės,25.25746,54.7385094,5
350,1,40.0,1,Šeškinė,25.2521677,54.7097664,5
750,2,45.0,8,Naujamiestis,25.2626184,54.6705058,12
400,1,20.0,2,Antakalnis,25.311821157774403,54.71195935,4
350,1,23.0,2,Naujininkai,25.273563,54.662677,2
600,2,41.0,8,Karoliniškės,25.21827851645063,54.6953297,9
599,2,33.0,8,Šeškinė,25.2499374,54.7202018,11
550,2,50.4,1,Naujamiestis,25.254835,54.670731,5
200,1,14.0,2,Antakalnis,25.3189678,54.7164695,5
460,2,47.08,4,Lazdynai,25.2027702,54.6708027,5
600,3,65.0,9,Viršuliškės,25.2249903,54.7072538,9
750,2,50.0,3,Šnipiškės,25.273601,54.697375,5
580,1,30.0,4,Šiaurės miestelis,25.3045857,54.71086,5
1600,4,100.0,3,Senamiestis,25.2806889,54.6805537,3
780,2,60.0,4,Visoriai,25.2500488,54.7434059,6
420,1,18.0,3,Antakalnis,25.31507,54.7117059,5
570,2,57.0,2,Pašilaičiai,25.228239,54.711003,10
1600,3,75.0,0,Užupis,25.3008276,54.6812167,4
750,3,62.0,5,Naujamiestis,25.264768,54.680141,5
700,2,60.0,1,Senamiestis,25.287693,54.683127,5
550,2,30.23,3,Visoriai,25.2500488,54.7434059,5
550,2,66.0,5,Fabijoniškės,25.232637,54.739646,6
570,2,41.0,3,Karoliniškės,25.205018,54.688955,3
199,1,20.0,8,Žirmūnai,25.3050482,54.7157121,10
450,2,50.0,3,Justiniškės,25.2228709,54.7211373,5
550,2,45.0,1,Užupis,25.3049778,54.6914821,5
120,1,10.5,1,Naujininkai,25.2738665,54.6659553,5
750,3,63.0,5,Karoliniškės,25.202447,54.685872,9
500,2,42.0,4,Antakalnis,25.3171585,54.7195619,5
700,2,47.0,2,Užupis,25.3035011,54.6837083,3
370,1,40.0,4,Fabijoniškės,25.2374099,54.7315103,5
630,2,47.0,2,Lazdynai,25.2164788,54.6787988,6
560,1,33.0,3,Šnipiškės,25.2876625,54.6964968,9
600,2,54.0,3,Pašilaičiai,25.2162652,54.7321521,5
600,2,48.0,1,Žirmūnai,25.3050482,54.7157121,5
700,3,50.0,1,Antakalnis,25.311821157774403,54.71195935,4
550,2,53.0,8,Justiniškės,25.2228709,54.7211373,9
350,1,26.0,2,Naujininkai,25.2730874,54.6608848,9
550,3,67.0,2,Šeškinė,25.2545267,54.7162133,5
1200,3,55.0,2,Šnipiškės,25.2876625,54.6964968,7
1000,4,100.0,2,Naujamiestis,25.264768,54.680141,5
1200,3,70.0,3,Naujamiestis,25.26183902135083,54.6912607,5
340,1,20.0,2,Antakalnis,25.3189678,54.7164695,2
300,1,18.0,2,Antakalnis,25.312009,54.705407,5
550,2,22.0,2,Viršuliškės,25.2249903,54.7072538,7
650,3,65.0,3,Lazdynai,25.2027702,54.6708027,5
1050,2,50.07,4,Naujamiestis,25.2659857,54.6866673,5
449,2,49.0,7,Šeškinė,25.242989,54.7161316,13
650,2,49.18,9,Lazdynai,25.2027702,54.6708027,9
320,1,18.0,3,Naujininkai,25.2708871,54.6612582,4
1050,2,37.5,4,Paupys,25.3032805,54.6786994,6
385,1,15.0,6,Žvėrynas,25.251978,54.6963621,6
1050,2,41.0,2,Senamiestis,25.2891632,54.6820404,3
520,1,29.0,2,Šnipiškės,25.269068,54.699929,4
520,2,29.0,2,Šnipiškės,25.269068,54.699929,4
1200,4,89.0,1,Pašilaičiai,25.2176973,54.7293428,9
320,1,17.0,4,Naujamiestis,25.2626184,54.6705058,5
490,1,28.0,3,Baltupiai,25.265448944117644,54.73593325,7
400,1,30.0,3,Naujamiestis,25.2539717,54.6768665,9
450,1,21.5,6,Žirmūnai,25.3050482,54.7157121,9
650,3,64.0,8,Karoliniškės,25.21827851645063,54.6953297,9
560,1,28.69,4,Antakalnis,25.3118899,54.7033583,4
550,1,26.0,4,Naujamiestis,25.2611411,54.6675994,4
370,1,35.0,1,Pašilaičiai,25.2253933,54.7259967,9
550,2,58.0,3,Fabijoniškės,25.2374099,54.7315103,5
390,1,15.6,4,Naujininkai,25.2830471,54.6640112,5
750,2,30.0,1,Senamiestis,25.2817712,54.6892593,2
780,3,60.93,4,Žirmūnai,25.3050482,54.7157121,5
550,2,26.34,3,Žirmūnai,25.2869142,54.7153427,3
750,3,62.0,2,Žirmūnai,25.3047908,54.7056893,5
570,2,30.0,3,Šnipiškės,25.278242,54.6973462,9
1150,3,70.0,2,Naujamiestis,25.2704693,54.6692933,6
850,2,55.0,6,Naujamiestis,25.2738379,54.6770904,6
470,3,48.9,2,Naujininkai,25.273563,54.662677,3
650,1,28.3,1,Šnipiškės,25.2690681,54.6999287,5
1200,3,80.0,2,Senamiestis,25.2921767,54.6776383,5
550,2,52.0,8,Šeškinė,25.2521677,54.7097664,13
370,1,15.0,2,Šnipiškės,25.2817254,54.6949273,4
850,2,47.5,4,Baltupiai,25.2831395,54.7142794,8
660,2,40.0,4,Naujamiestis,25.2629171,54.6806792,9
600,2,45.0,4,Antakalnis,25.311821157774403,54.71195935,5
750,2,37.2,4,Baltupiai,25.2831395,54.7142794,8
490,2,45.0,2,Šnipiškės,25.2688417,54.6994753,4
880,2,50.0,4,Šnipiškės,25.282158,54.6947179,9
850,2,58.0,1,Šnipiškės,25.2690681,54.6999287,5
1000,2,40.0,2,Naujamiestis,25.2597265,54.6861921,4
400,1,36.0,7,Naujamiestis,25.2539717,54.6768665,9
350,1,17.0,2,Naujininkai,25.273563,54.662677,5
1200,3,94.0,1,Naujamiestis,25.264768,54.680141,3
490,1,35.34,4,Žirmūnai,25.3050482,54.7157121,5
700,2,34.78,2,Antakalnis,25.319595220530616,54.7241562,3
620,2,52.0,3,Naujamiestis,25.2753772,54.6767869,4
700,3,63.0,5,Jeruzalė,25.2681728,54.7376318,7
700,2,55.0,2,Šnipiškės,25.2817254,54.6949273,3
850,2,45.0,1,Naujamiestis,25.2642154,54.6867199,3
1600,4,98.0,2,Senamiestis,25.2806889,54.6805537,2
850,2,50.0,2,Senamiestis Vilnia,25.289154500197288,54.68734975,5
600,2,36.0,3,Justiniškės,25.2219966,54.7167438,5
650,2,44.0,4,Antakalnis,25.3210522,54.7187925,5
550,1,30.0,4,Naujininkai,25.2738665,54.6659553,4
239,1,20.0,5,Naujamiestis,25.2753772,54.6767869,5
450,1,16.0,4,Naujamiestis,25.2728154,54.6847721,5
800,3,95.0,12,Šeškinė,25.242989,54.7161316,16
400,2,51.94,1,Fabijoniškės,25.246433,54.731814,14
320,1,18.0,5,Žirmūnai,25.2960633,54.7199848,5
500,1,29.0,4,Senamiestis,25.2806649,54.6907962,4
600,2,30.0,2,Viršuliškės,25.2249903,54.7072538,7
600,2,31.5,2,Viršuliškės,25.2249903,54.7072538,7
800,2,39.12,2,Užupis,25.2937109,54.6817512,3
465,2,50.0,1,Justiniškės,25.2228709,54.7211373,5
900,3,78.0,3,Senamiestis,25.2921767,54.6776383,4
620,2,40.0,2,Senamiestis,25.2805897,54.6849999,2
750,2,55.0,1,Naujamiestis,25.2738379,54.6770904,5
550,2,45.0,5,Žirmūnai,25.2869142,54.7153427,5
299,1,36.0,3,Justiniškės,25.2228709,54.7211373,5
600,2,47.6,1,Žirmūnai,25.3050482,54.7157121,5
1550,3,60.0,4,Senamiestis,25.2805897,54.6849999,4
550,2,41.34,8,Žirmūnai,25.2869142,54.7153427,12
1100,2,62.0,7,Naujamiestis,25.2738379,54.6770904,9
790,2,67.3,5,Naujamiestis,25.2728154,54.6847721,5
600,1,47.0,8,Antakalnis,25.3171585,54.7195619,9
550,2,54.0,6,Naujamiestis,25.2539717,54.6768665,9
499,2,43.0,5,Baltupiai,25.2784789,54.7275851,12
700,3,55.0,1,Justiniškės,25.2228709,54.7211373,5
600,2,46.5,4,Pašilaičiai,25.2176973,54.7293428,4
750,2,54.0,2,Žvėrynas,25.2462426,54.7006434,4
80,1,40.0,1,Rasos,25.2976897,54.6703948,5
260,1,16.0,9,Karoliniškės,25.2173677,54.6928201,9
590,2,50.0,1,Baltupiai,25.2784789,54.7275851,5
370,2,50.0,3,Lazdynai,25.2164788,54.6787988,5
500,2,47.0,3,Viršuliškės,25.2249903,54.7072538,5
350,1,17.0,0,Baltupiai,25.2681728,54.7376318,5
570,2,52.0,5,Žirmūnai,25.2883611,54.7036477,5
650,2,65.79,5,Šnipiškės,25.2668422,54.7044446,8
800,3,74.0,3,Senamiestis,25.287693,54.683127,5
450,2,40.31,1,Žemieji Paneriai,25.2103975,54.6404889,5
500,2,51.0,6,Fabijoniškės,25.246433,54.731814,9
650,3,58.0,2,Šnipiškės,25.2801244,54.7000074,2
660,2,50.0,3,Pašilaičiai,25.2206319,54.7411864,9
800,2,44.0,5,Šnipiškės,25.2725536,54.7004606,6
700,3,64.0,3,Pašilaičiai,25.219637,54.7387996,9
900,2,46.0,1,Šnipiškės,25.2876625,54.6964968,7
850,2,46.54,3,Naujamiestis,25.2758412,54.675117,5
400,1,32.7,5,Karoliniškės,25.202447,54.685872,9
650,2,45.0,1,Naujamiestis,25.2707414,54.6781128,4
360,2,40.0,6,Baltupiai,25.265448944117644,54.73593325,12
650,2,47.0,2,Žirmūnai,25.3050482,54.7157121,5
550,1,32.7,1,Lazdynai,25.2164788,54.6787988,5
550,2,50.0,2,Šnipiškės,25.2668422,54.7044446,5
450,1,33.0,9,Viršuliškės,25.2249903,54.7072538,11
900,2,54.0,2,Užupis,25.3008276,54.6812167,3
2900,2,117.0,5,Naujamiestis,25.26183902135083,54.6912607,5
300,1,22.0,4,Žirmūnai,25.3050482,54.7157121,9
700,2,55.0,4,Užupis,25.301823076879643,54.68413115,4
380,1,32.5,4,Žirmūnai,25.3047908,54.7056893,9
400,1,30.0,5,Naujamiestis,25.2539717,54.6768665,9
425,1,21.0,9,Šnipiškės,25.2817254,54.6949273,9
430,1,33.0,9,Karoliniškės,25.21827851645063,54.6953297,9
980,2,53.0,7,Naujamiestis,25.254835,54.670731,7
1200,2,73.0,3,Žvėrynas,25.2456843,54.6987056,3
850,2,48.2,5,Antakalnis,25.314813,54.6988529,6
585,2,24.0,4,Šnipiškės,25.2817254,54.6949273,4
600,2,57.0,2,Naujamiestis,25.2539717,54.6768665,4
550,2,45.0,2,Antakalnis,25.3171585,54.7195619,5
300,1,22.0,1,Naujamiestis,25.2728154,54.6847721,6
350,1,30.0,1,Žirmūnai,25.3047908,54.7056893,5
700,2,50.0,5,Naujamiestis,25.261936,54.67432,5
400,1,21.5,8,Žirmūnai,25.3050482,54.7157121,9
580,2,55.75,6,Pašilaičiai,25.2206319,54.7411864,9
630,2,51.0,5,Pašilaičiai,25.2316746,54.7314012,5
520,2,50.0,3,Justiniškės,25.2221629,54.7175726,5
530,1,31.0,2,Žirmūnai,25.3050482,54.7157121,5
530,2,44.0,9,Pašilaičiai,25.2253933,54.7259967,9
850,2,46.0,3,Baltupiai,25.265448944117644,54.73593325,7
650,1,35.0,2,Šnipiškės,25.278242,54.6973462,9
500,1,36.0,2,Pašilaičiai,25.227281380275763,54.7298632,9
350,1,33.0,1,Lazdynai,25.2164788,54.6787988,5
450,1,30.0,3,Pašilaičiai,25.2253933,54.7259967,5
450,1,17.0,2,Naujininkai,25.2830471,54.6640112,2
680,2,44.0,3,Šnipiškės,25.278242,54.6973462,16
700,1,37.0,1,Vilkpėdė,25.2360528,54.6636771,7
700,1,37.0,1,Naujamiestis,25.248623,54.665178,7
500,2,51.0,2,Justiniškės,25.2219966,54.7167438,5
680,2,53.0,2,Antakalnis,25.311821157774403,54.71195935,6
600,3,63.0,3,Pašilaičiai,25.227281380275763,54.7298632,9
915,2,58.89,1,Baltupiai,25.2831395,54.7142794,5
700,1,35.0,3,Markučiai,25.3207304,54.6768792,6
1300,3,98.0,4,Žvėrynas,25.251407,54.6916327,4
550,2,55.0,5,Naujamiestis,25.2539717,54.6768665,5
730,2,50.0,3,Šnipiškės,25.2706146,54.6975998,16
650,2,61.21,6,Lazdynėliai,25.2148876,54.666674,9
450,2,47.0,4,Šnipiškės,25.2876625,54.6964968,5
550,2,26.0,4,Žirmūnai,25.2883611,54.7036477,5
500,1,46.0,1,Naujamiestis,25.277278,54.678112,3
400,1,37.0,1,Justiniškės,25.2228709,54.7211373,5
1200,3,78.4,1,Vilkpėdė,25.2462747,54.6658138,1
800,2,53.0,5,Antakalnis,25.314813,54.6988529,7
450,2,42.0,1,Naujamiestis,25.245021,54.667674,4
590,3,61.5,4,Pašilaičiai,25.2253933,54.7259967,9
650,3,61.41,2,Naujamiestis,25.2539717,54.6768665,5
820,2,41.79,1,Baltupiai,25.2831395,54.7142794,8
700,3,63.0,9,Lazdynai,25.2164788,54.6787988,9
1900,4,106.0,2,Žvėrynas,25.251407,54.6916327,3
550,2,56.0,6,Žirmūnai,25.3050482,54.7157121,12
1000,3,70.0,3,Senamiestis,25.2824605,54.6865081,5
820,2,43.0,5,Viršuliškės,25.2249903,54.7072538,11
350,1,35.0,2,Fabijoniškės,25.246433,54.731814,5
400,1,17.0,1,Šnipiškės,25.269068,54.699929,1
800,1,42.0,2,Naujamiestis,25.2707414,54.6781128,3
700,2,56.0,2,Filaretai,25.305906651536606,54.6843502,8
550,1,20.0,2,Naujamiestis,25.2629171,54.6806792,5
610,2,54.0,3,Pašilaičiai,25.2236397,54.7313146,7
470,2,29.0,1,Naujamiestis,25.264768,54.680141,4
650,2,53.6,2,Kalnėnai,25.3313597,54.6545836,4
450,1,34.0,2,Jeruzalė,25.2681728,54.7376318,5
550,2,41.02,1,Rasos,25.3017775,54.6656981,2
1000,3,60.0,3,Senamiestis,25.2789843,54.6728266,3
450,1,30.0,7,Žirmūnai,25.3050482,54.7157121,9
1150,4,102.67,4,Pašilaičiai,25.228239,54.711003,5
800,3,67.0,2,Žvėrynas,25.2494676,54.7009206,4
380,1,20.0,1,Naujininkai,25.2800463,54.6606221,5
649,2,66.0,1,Senamiestis,25.287693,54.683127,3
999,3,70.0,1,Senamiestis,25.2863833,54.6816203,2
500,2,50.0,4,Justiniškės,25.2228709,54.7211373,9
450,2,48.0,2,Baltupiai,25.2784789,54.7275851,5
380,2,47.0,2,Karoliniškės,25.210939,54.693555,5
400,1,40.0,2,Fabijoniškės,25.2374099,54.7315103,12
430,1,33.0,1,Žvėrynas,25.2450966,54.6986295,5
700,2,57.0,13,Baltupiai,25.2801343,54.7282735,16
650,2,47.0,1,Šnipiškės,25.2876625,54.6964968,9
1050,3,68.0,4,Naujamiestis,25.2704693,54.6692933,5
750,2,50.0,1,Senamiestis,25.26602,54.686825,4
520,2,52.0,4,Justiniškės,25.2228709,54.7211373,5
680,2,59.93,4,Lazdynėliai,25.2158687,54.6671298,5
180,1,18.0,1,Naujininkai,25.273605,54.661445,5
750,2,45.0,2,Šnipiškės,25.2726757,54.7038281,6
500,2,52.0,3,Pašilaičiai,25.2372018,54.7296563,9
900,2,62.64,2,Valakampiai,25.3119377,54.7398962,3
1800,3,130.0,4,Naujamiestis,25.264768,54.680141,5
430,1,30.0,1,Žirmūnai,25.3050482,54.7157121,5
700,2,46.0,5,Žvėrynas,25.249828,54.695925,9
1200,4,86.0,2,Antakalnis,25.3173065,54.7019831,5
1500,2,58.0,2,Senamiestis,25.2778908,54.6850306,4
350,1,18.0,4,Žvėrynas,25.2575185,54.6955659,5
550,2,57.0,1,Jeruzalė,25.2763332,54.7409115,5
600,3,65.0,4,Naujamiestis,25.261936,54.67432,5
650,2,45.0,3,Senamiestis,25.283634,54.6752973,3
550,1,28.0,1,Senamiestis Vilnia,25.289154500197288,54.68734975,3
550,3,72.0,11,Naujamiestis,25.2539717,54.6768665,12
350,1,27.0,7,Antakalnis,25.3171585,54.7195619,9
350,1,20.0,4,Naujamiestis,25.264768,54.680141,5
550,3,67.0,9,Justiniškės,25.2219966,54.7167438,9
1100,2,62.0,2,Šnipiškės,25.273601,54.697375,4
350,2,33.0,6,Naujininkai,25.273605,54.661445,9
1000,4,101.57,2,Naujamiestis,25.2697694,54.691778,5
1900,4,190.0,4,Senamiestis,25.2824605,54.6865081,4
1300,4,89.0,9,Fabijoniškės,25.2374099,54.7315103,9
835,3,72.0,8,Pašilaičiai,25.2243428,54.7367895,9
599,2,49.0,1,Viršuliškės,25.2249903,54.7072538,9
350,1,23.0,1,Naujininkai,25.2738665,54.6659553,5
500,1,32.6,12,Karoliniškės,25.202447,54.685872,12
1600,4,101.09,1,Naujamiestis,25.264768,54.680141,4
110,1,15.0,5,Naujininkai,25.27908,54.6591884,5
650,2,64.69,2,Baltupiai,25.2801343,54.7282735,16
410,2,52.0,6,Šeškinė,25.242989,54.7161316,12
650,2,40.0,3,Baltupiai,25.265448944117644,54.73593325,9
800,3,74.0,6,Pašilaičiai,25.219637,54.7387996,9
650,3,64.0,5,Žirmūnai,25.2876758,54.703055,9
750,2,68.0,5,Naujamiestis,25.26530721591329,54.6913369,9
600,2,43.0,2,Šeškinė,25.242989,54.7161316,6
750,3,72.0,7,Viršuliškės,25.2246166,54.7166103,11
1500,4,126.0,2,Žvėrynas,25.2515784,54.6892077,2
600,2,46.14,2,Pašilaičiai,25.2243428,54.7367895,9
390,1,27.2,1,Naujininkai,25.2827237,54.6663736,4
1200,2,51.29,3,Naujamiestis,25.2659857,54.6866673,5
850,2,45.65,6,Šnipiškės,25.2690681,54.6999287,7
450,1,35.44,2,Justiniškės,25.2228709,54.7211373,5
650,2,64.0,5,Baltupiai,25.2784789,54.7275851,16
250,1,14.48,2,Žirmūnai,25.300621223729205,54.71858105,5
500,1,33.91,5,Pašilaičiai,25.2164886,54.7385893,6
700,3,77.6,6,Jeruzalė,25.2720408,54.7412661,9
500,3,48.0,1,Naujamiestis,25.2539717,54.6768665,5
1700,4,117.0,2,Naujamiestis,25.264768,54.680141,6
550,2,48.0,3,Pavilnys,25.354774,54.678549,3
580,2,48.0,5,Šnipiškės,25.2668422,54.7044446,9
360,1,24.0,2,Senamiestis,25.287693,54.683127,5
850,2,44.0,7,Šnipiškės,25.282158,54.6947179,9
700,2,48.0,3,Žvėrynas,25.249828,54.695925,6
270,1,35.0,2,Žvėrynas,25.2462426,54.7006434,2
600,2,40.0,2,Užupis,25.2923965,54.6805074,2
800,2,43.0,4,Naujamiestis,25.2629171,54.6806792,5
400,1,30.0,9,Žirmūnai,25.3050482,54.7157121,9
3500,4,130.0,2,Šnipiškės,25.273601,54.697375,3
530,3,59.0,2,Pašilaičiai,25.2316746,54.7314012,9
1350,3,94.0,16,Naujamiestis,25.2539717,54.6768665,27
650,1,40.0,1,Šnipiškės,25.282158,54.6947179,11
550,2,40.25,3,Karoliniškės,25.205018,54.688955,3
950,2,58.54,3,Senamiestis,25.285116,54.6772258,3
450,2,50.0,4,Šeškinė,25.2576099,54.7182332,9
900,2,56.0,2,Naujamiestis,25.2738379,54.6770904,6
600,2,49.1,5,Karoliniškės,25.205018,54.688955,9
800,2,70.0,2,Senamiestis,25.2824605,54.6865081,4
750,2,51.0,2,Pavilnys,25.3640181,54.6720052,4
300,2,50.0,4,Fabijoniškės,25.246433,54.731814,9
650,2,59.0,10,Pašilaičiai,25.219637,54.7387996,12
500,2,47.0,2,Žirmūnai,25.2885331,54.703226,5
450,2,52.0,3,Justiniškės,25.2228709,54.7211373,9
750,2,40.25,3,Baltupiai,25.2784789,54.7275851,5
1000,3,89.34,5,Fabijoniškės,25.246433,54.731814,5
630,2,46.23,6,Pašilaičiai,25.2243428,54.7367895,9
580,3,43.78,1,Pašilaičiai,25.218555,54.7288412,4
950,2,58.0,2,Senamiestis,25.287693,54.683127,3
400,1,36.0,7,Viršuliškės,25.2249903,54.7072538,9
500,2,44.0,5,Žirmūnai,25.3047908,54.7056893,5
450,2,44.0,6,Pašilaičiai,25.2372018,54.7296563,9
800,2,40.0,4,Naujamiestis,25.2629171,54.6806792,5
800,3,88.78,4,Pašilaičiai,25.2256323,54.7405473,5
1450,2,80.0,1,Senamiestis,25.287693,54.683127,4
520,2,39.0,4,Naujamiestis,25.2707414,54.6781128,4
400,2,32.0,4,Senamiestis,25.287693,54.683127,4
380,2,45.0,5,Šeškinė,25.2388274,54.7123434,9
550,2,53.0,4,Fabijoniškės,25.2168535,54.7474346,9
650,1,27.08,2,Žirmūnai,25.2960633,54.7199848,9
670,2,37.0,3,Fabijoniškės,25.2374099,54.7315103,7
450,2,40.0,5,Antakalnis,25.3272906,54.6961048,5
640,2,48.0,2,Šnipiškės,25.2853346,54.6956751,5
520,3,64.0,1,Antakalnis,25.3171585,54.7195619,4
550,2,47.0,5,Jeruzalė,25.2763332,54.7409115,5
650,2,25.0,4,Naujamiestis,25.264768,54.680141,4
470,2,42.0,1,Pašilaičiai,25.219637,54.7387996,9
600,2,62.0,4,Šeškinė,25.2323775,54.7193989,5
850,3,58.0,2,Naujamiestis,25.2611411,54.6675994,2
1300,3,85.0,5,Naujamiestis,25.264768,54.680141,6
900,3,80.0,2,Karoliniškės,25.210939,54.693555,5
670,3,65.0,2,Pašilaičiai,25.219637,54.7387996,12
800,1,30.0,1,Senamiestis,25.2891632,54.6820404,4
850,2,48.0,2,Baltupiai,25.2831395,54.7142794,8
700,2,70.0,1,Žvėrynas,25.2462426,54.7006434,5
350,1,36.0,3,Žirmūnai,25.3050482,54.7157121,12
750,2,54.4,3,Senamiestis,25.283634,54.6752973,3
520,2,46.0,1,Pašilaičiai,25.218555,54.7288412,6
430,1,37.0,4,Justiniškės,25.2228709,54.7211373,9
850,2,46.75,3,Naujamiestis,25.254835,54.670731,7
500,1,33.0,3,Žirmūnai,25.2885331,54.703226,9
700,2,37.0,2,Lazdynėliai,25.2158687,54.6671298,5
1200,3,71.46,3,Naujamiestis,25.2626184,54.6705058,9
400,1,32.7,4,Karoliniškės,25.21827851645063,54.6953297,5
670,2,70.0,3,Pašilaičiai,25.2178342,54.7322779,5
650,2,49.0,1,Senamiestis,25.2799354,54.6751868,3
1600,3,74.0,2,Užupis,25.3008276,54.6812167,4
500,2,48.0,2,Šnipiškės,25.273601,54.697375,5
560,1,30.0,5,Baltupiai,25.2831395,54.7142794,9
650,2,59.0,5,Vilkpėdė,25.2360528,54.6636771,7
450,2,45.0,2,Naujininkai,25.2730874,54.6608848,4
1100,3,109.72,2,Šnipiškės,25.273601,54.697375,7
400,1,34.0,3,Karoliniškės,25.205018,54.688955,5
200,1,16.56,3,Viršuliškės,25.2249903,54.7072538,9
1400,3,75.0,4,Senamiestis,25.2824605,54.6865081,6
1400,3,102.0,4,Naujamiestis,25.2585443,54.6749755,4
360,2,28.09,1,Užupis,25.3008276,54.6812167,3
620,2,40.0,2,Antakalnis,25.311821157774403,54.71195935,4
700,2,40.0,5,Šnipiškės,25.2688417,54.6994753,6
580,1,30.0,4,Baltupiai,25.2831395,54.7142794,9
430,1,33.0,2,Žirmūnai,25.2885331,54.703226,5
1000,2,46.0,4,Senamiestis,25.26602,54.686825,5
530,2,47.0,1,Lazdynai,25.2164788,54.6787988,5
650,3,65.0,3,Viršuliškės,25.2299093,54.7032846,5
1300,2,57.0,2,Senamiestis,25.2840381,54.6789287,5
330,1,35.0,9,Fabijoniškės,25.246433,54.731814,9
1299,3,80.0,2,Žvėrynas,25.2450966,54.6986295,4
750,2,38.0,2,Naujamiestis,25.2753772,54.6767869,4
370,1,21.0,2,Jeruzalė,25.2778893,54.7441863,4
420,1,27.0,3,Antakalnis,25.3171585,54.7195619,9
790,3,70.0,1,Žvėrynas,25.247681,54.7015642,5
400,2,42.0,1,Naujininkai,25.273605,54.661445,2
1450,2,50.0,2,Užupis,25.3008276,54.6812167,4
600,2,47.0,2,Žirmūnai,25.3050482,54.7157121,5
750,2,37.0,2,Senamiestis,25.2855354,54.6740589,4
750,3,64.0,5,Pašilaičiai,25.2256323,54.7405473,8
1300,3,50.0,1,Paupys,25.3032805,54.6786994,2
2400,3,92.0,18,Šnipiškės,25.2706146,54.6975998,29
650,2,49.0,3,Antakalnis,25.3171585,54.7195619,4
350,1,33.19,5,Žemieji Paneriai,25.2056134,54.6436165,9
800,2,36.0,3,Šnipiškės,25.2876625,54.6964968,9
650,2,39.0,3,Markučiai,25.3150449,54.6793174,5
1500,2,54.22,4,Senamiestis,25.2824605,54.6865081,6
600,2,47.0,4,Antakalnis,25.311821157774403,54.71195935,5
450,1,28.0,1,Šnipiškės,25.2876625,54.6964968,3
400,1,30.0,5,Žirmūnai,25.3050482,54.7157121,5
3900,4,205.69,10,Žvėrynas,25.260394,54.700248,10
600,2,25.0,2,Senamiestis,25.2806889,54.6805537,2
750,2,64.0,2,Šnipiškės,25.274536,54.715568,5
550,3,65.0,5,Pašilaičiai,25.2253933,54.7259967,9
450,2,48.0,4,Lazdynai,25.2164788,54.6787988,5
470,1,38.69,5,Jeruzalė,25.2720408,54.7412661,6
650,2,54.0,6,Senamiestis,25.287693,54.683127,6
220,1,17.0,1,Pašilaičiai,25.2253933,54.7259967,9
800,3,70.0,3,Antakalnis,25.312009,54.705407,3
700,3,48.91,3,Žirmūnai,25.3050482,54.7157121,5
350,1,33.0,5,Naujamiestis,25.246189,54.669892,5
500,2,45.0,2,Pašilaičiai,25.2372018,54.7296563,5
750,2,41.0,7,Naujamiestis,25.2585443,54.6749755,8
1900,4,148.0,4,Naujamiestis,25.2585443,54.6749755,4
1500,3,72.0,1,Senamiestis,25.2855354,54.6740589,4
900,2,54.0,2,Naujamiestis,25.2597265,54.6861921,5
1900,4,145.91,4,Šnipiškės,25.273601,54.697375,6
400,1,30.0,2,Antakalnis,25.3189678,54.7164695,5
500,1,30.0,1,Šeškinė,25.2540264,54.7068111,8
500,2,42.16,1,Antakalnis,25.3171585,54.7195619,4
850,3,65.0,2,Pašilaičiai,25.2236397,54.7313146,5
400,1,20.0,5,Žirmūnai,25.2876758,54.703055,5
2200,5,260.0,5,Naujamiestis,25.264768,54.680141,5
350,1,36.0,1,Pašilaičiai,25.2316746,54.7314012,9
480,2,50.0,2,Šeškinė,25.2388274,54.7123434,9
1250,2,60.0,4,Senamiestis,25.2824605,54.6865081,5
590,1,30.49,5,Naujamiestis,25.254835,54.670731,7
700,1,31.0,4,Šnipiškės,25.285138,54.6966918,6
990,3,67.32,1,Senamiestis,25.283634,54.6752973,4
550,3,60.9,2,Lazdynai,25.2164788,54.6787988,4
2800,4,114.0,5,Senamiestis,25.287693,54.683127,6
1300,3,60.0,4,Šnipiškės,25.273601,54.697375,4
780,2,42.0,1,Senamiestis,25.2916215,54.6843316,1
400,1,33.08,3,Lazdynai,25.2164788,54.6787988,5
500,2,47.0,4,Karoliniškės,25.210939,54.693555,5
1200,3,77.08,2,Šnipiškės,25.2725536,54.7004606,5
380,1,18.0,1,Šnipiškės,25.269068,54.699929,3
1700,2,130.0,13,Šnipiškės,25.2706146,54.6975998,27
650,2,38.0,1,Karoliniškės,25.21827851645063,54.6953297,5
460,2,51.0,6,Šeškinė,25.242989,54.7161316,16
550,3,66.0,2,Pašilaičiai,25.2316746,54.7314012,9
550,2,58.88,11,Žirmūnai,25.3050482,54.7157121,12
650,2,53.0,3,Senamiestis,25.2898263,54.6841157,3
250,1,30.0,1,Naujamiestis,25.2753772,54.6767869,5
180,1,36.0,2,Antakalnis,25.319595220530616,54.7241562,2
500,2,49.0,1,Antakalnis,25.3219971,54.7053519,5
830,2,55.0,2,Senamiestis,25.287693,54.683127,5
890,3,66.43,5,Pašilaičiai,25.2176973,54.7293428,7
700,2,52.0,3,Senamiestis,25.2998145,54.6774003,3
520,2,40.0,1,Senamiestis,25.287693,54.683127,2
730,2,65.0,2,Visoriai,25.2574618,54.7484927,2
400,2,48.0,3,Naujamiestis,25.264768,54.680141,5
280,1,21.0,7,Naujamiestis,25.2539717,54.6768665,9
200,1,19.5,3,Naujininkai,25.2800463,54.6606221,5
540,2,46.48,5,Šnipiškės,25.2817254,54.6949273,5
460,2,52.0,6,Šeškinė,25.242989,54.7161316,16
330,1,20.0,9,Fabijoniškės,25.246433,54.731814,14
1000,2,51.0,3,Šnipiškės,25.278242,54.6973462,9
750,2,48.0,5,Šnipiškės,25.2690681,54.6999287,6
420,1,30.0,2,Šnipiškės,25.2817254,54.6949273,2
450,1,32.0,7,Baltupiai,25.2784789,54.7275851,9
650,2,53.27,8,Lazdynėliai,25.2148876,54.666674,9
750,2,45.0,9,Naujamiestis,25.2588027,54.6703567,9
1500,3,83.0,5,Šnipiškės,25.2690681,54.6999287,5
650,2,64.75,3,Pavilnys,25.3391484,54.6628951,3
550,2,43.0,4,Antakalnis,25.3189678,54.7164695,5
499,1,29.0,1,Naujamiestis,25.2611411,54.6675994,2
690,2,56.0,9,Pašilaičiai,25.228239,54.711003,9
620,2,59.0,10,Viršuliškės,25.2171297,54.7013381,23
500,2,52.0,3,Fabijoniškės,25.2374099,54.7315103,9
400,1,40.0,2,Justiniškės,25.2228709,54.7211373,5
750,2,69.12,1,Šnipiškės,25.2817254,54.6949273,3
420,1,24.0,2,Vilkpėdė,25.256417,54.6702969,5
1900,4,148.0,4,Naujamiestis,25.2585443,54.6749755,4
520,3,65.0,1,Antakalnis,25.3171585,54.7195619,4
850,2,50.0,2,Senamiestis,25.2824605,54.6865081,4
160,1,14.0,3,Karoliniškės,25.210939,54.693555,5
395,1,32.59,8,Viršuliškės,25.2249903,54.7072538,9
1100,2,43.0,4,Šnipiškės,25.273601,54.697375,4
1500,3,91.0,2,Žvėrynas,25.2534295,54.6949413,4
750,2,54.0,5,Antakalnis,25.312009,54.705407,6
590,2,30.17,3,Žirmūnai,25.228239,54.711003,5
600,3,67.0,1,Justiniškės,25.2221629,54.7175726,9
800,2,45.0,6,Šnipiškės,25.2688417,54.6994753,7
1100,2,74.0,2,Senamiestis,25.2964286,54.6765474,3
400,1,33.0,5,Lazdynai,25.2164788,54.6787988,5
799,2,38.5,4,Šnipiškės,25.2876625,54.6964968,6
1100,2,72.0,2,Senamiestis,25.2817712,54.6892593,2
450,1,18.0,5,Žvėrynas,25.2575185,54.6955659,5
500,2,50.0,4,Jeruzalė,25.2681728,54.7376318,6
350,1,23.69,0,Naujamiestis,25.264768,54.680141,4
750,1,47.42,1,Justiniškės,25.2219966,54.7167438,10
790,3,87.77,3,Lazdynėliai,25.2148876,54.666674,6
600,1,30.0,3,Senamiestis,25.2758803,54.6800552,4
350,1,33.0,5,Šnipiškės,25.2817254,54.6949273,9
350,1,40.0,1,Antakalnis,25.3634888,54.7193006,2
1200,3,57.0,3,Užupis,25.3040905,54.6778064,4
550,1,28.0,1,Naujamiestis,25.264768,54.680141,3
250,1,12.0,4,Markučiai,25.3110856,54.6762657,5
400,1,33.0,6,Karoliniškės,25.210939,54.693555,9
3000,4,128.97,2,Užupis,25.3008276,54.6812167,3
1200,3,72.0,4,Šnipiškės,25.2690681,54.6999287,5
800,2,45.0,1,Žvėrynas,25.2405189,54.6983927,3
300,1,18.0,7,Naujamiestis,25.2539717,54.6768665,9
750,2,38.0,2,Naujamiestis,25.264768,54.680141,5
1200,3,65.0,2,Antakalnis,25.3171585,54.7195619,5
400,2,52.0,2,Naujininkai,25.2839807,54.663336,3
1200,3,61.0,1,Antakalnis,25.311821157774403,54.71195935,3
1800,3,90.0,5,Šnipiškės,25.2846469,54.7025318,5
850,3,69.0,1,Užupis,25.2956829,54.6801086,3
500,2,57.0,2,Pašilaičiai,25.2256323,54.7405473,5
950,2,52.0,1,Užupis,25.3008276,54.6812167,3
450,1,17.06,5,Žvėrynas,25.2575185,54.6955659,5
530,2,52.0,7,Šeškinė,25.242989,54.7161316,16
1800,4,77.0,1,Žvėrynas,25.25119,54.6924339,2
250,1,15.0,2,Naujamiestis,25.246189,54.669892,8
830,2,53.0,1,Baltupiai,25.2831395,54.7142794,8
700,2,46.0,11,Viršuliškės,25.2249903,54.7072538,11
380,1,35.0,1,Pašilaičiai,25.2316746,54.7314012,9
600,3,56.0,5,Pašilaičiai,25.2206319,54.7411864,9
1000,3,70.0,3,Lazdynėliai,25.2148876,54.666674,9
950,2,42.2,3,Senamiestis,25.2789843,54.6728266,4
650,2,50.0,6,Lazdynai,25.2164788,54.6787988,9
1500,4,125.05,2,Šnipiškės,25.2688417,54.6994753,4
600,2,45.0,2,Šnipiškės,25.2706146,54.6975998,16
1000,3,75.0,2,Senamiestis,25.2891632,54.6820404,3
450,2,53.0,1,Šeškinė,25.2388274,54.7123434,5
1750,3,143.0,19,Šnipiškės,25.2706146,54.6975998,27
590,2,47.0,4,Karoliniškės,25.202447,54.685872,5
850,2,40.0,1,Senamiestis,25.287693,54.683127,2
900,2,59.0,3,Senamiestis,25.287693,54.683127,4
1200,3,55.0,4,Naujamiestis,25.2629171,54.6806792,5
1000,2,49.0,3,Antakalnis,25.311821157774403,54.71195935,4
560,2,80.0,1,Naujininkai,25.2914168,54.6567702,5
650,2,34.0,4,Šeškinė,25.2400523,54.7105279,5
550,2,49.81,4,Justiniškės,25.2228709,54.7211373,5
1100,2,40.0,4,Paupys,25.3032805,54.6786994,4
400,1,35.0,9,Žirmūnai,25.2885331,54.703226,9
860,3,72.0,8,Pašilaičiai,25.2243428,54.7367895,9
700,2,54.85,2,Justiniškės,25.2219966,54.7167438,12
599,1,24.0,2,Naujamiestis,25.2629171,54.6806792,4
499,3,65.0,3,Fabijoniškės,25.246433,54.731814,10
800,3,92.99,3,Baltupiai,25.2784789,54.7275851,4
800,2,69.0,2,Užupis,25.301823076879643,54.68413115,4
750,3,50.73,5,Senamiestis,25.2840381,54.6789287,5
450,2,38.0,2,Senamiestis,25.287693,54.683127,3
700,2,52.0,3,Šnipiškės,25.278242,54.6973462,9
800,2,40.0,2,Užupis,25.2937109,54.6817512,3
1450,4,110.0,2,Senamiestis,25.2898263,54.6841157,3
1400,3,57.0,8,Žirmūnai,25.2960633,54.7199848,9
1400,3,65.11,3,Senamiestis,25.287693,54.683127,4
2000,3,127.0,16,Naujamiestis,25.262509,54.692089,18
770,2,42.17,7,Baltupiai,25.265448944117644,54.73593325,9
2000,3,190.0,1,Žvėrynas,25.2575115,54.6932759,2
650,2,63.83,5,Pašilaičiai,25.2256323,54.7405473,8
315,1,20.0,4,Naujamiestis,25.2629171,54.6806792,5
400,1,38.0,5,Justiniškės,25.2221629,54.7175726,9
2550,5,120.0,1,Šnipiškės,25.2771851,54.7025735,3
800,2,51.0,2,Šnipiškės,25.273601,54.697375,6
350,1,30.0,5,Žirmūnai,25.3050482,54.7157121,5
200,1,18.0,5,Naujamiestis,25.264768,54.680141,5
1600,3,98.0,3,Senamiestis,25.287693,54.683127,3
500,2,50.0,4,Baltupiai,25.2784789,54.7275851,5
690,2,38.52,2,Naujamiestis,25.2629171,54.6806792,4
550,1,25.0,4,Naujamiestis,25.264768,54.680141,5
500,2,55.0,7,Šiaurės miestelis,25.304586,54.71086,8
750,2,58.0,5,Senamiestis,25.2824605,54.6865081,5
900,2,50.0,4,Senamiestis,25.2897244,54.6793386,4
600,2,51.0,1,Žvėrynas,25.2456843,54.6987056,5
1199,2,55.0,4,Paupys,25.3025487,54.6785287,4
1900,3,153.97,4,Žvėrynas,25.2450966,54.6986295,4
800,2,79.44,1,Senamiestis,25.2906785,54.6813864,2
800,2,40.0,4,Naujamiestis,25.2629171,54.6806792,5
420,1,20.0,2,Naujamiestis,25.2611411,54.6675994,4
999,3,57.0,1,Žvėrynas,25.2561838,54.6929005,2
250,1,15.0,1,Fabijoniškės,25.246433,54.731814,9
350,1,20.0,3,Naujamiestis,25.264768,54.680141,3
900,3,54.45,1,Senamiestis,25.2807253,54.6830996,2
600,2,45.0,2,Antakalnis,25.311821157774403,54.71195935,5
600,2,51.0,3,Užupis,25.301823076879643,54.68413115,5
1200,2,49.0,4,Šnipiškės,25.2690681,54.6999287,9
1200,3,81.77,15,Naujamiestis,25.2539717,54.6768665,18
800,2,57.93,1,Senamiestis,25.2775091,54.6828493,4
1100,3,98.0,3,Senamiestis,25.2863997,54.6766411,3
750,2,45.0,5,Senamiestis,25.2775091,54.6828493,5
200,1,12.0,1,Fabijoniškės,25.246433,54.731814,9
1500,4,96.0,2,Užupis,25.301823076879643,54.68413115,2
1400,3,94.0,1,Žvėrynas,25.2405189,54.6983927,2
800,2,50.0,1,Antakalnis,25.312009,54.705407,6
1000,2,56.0,3,Senamiestis,25.2806889,54.6805537,3
650,2,56.0,1,Naujamiestis,25.2611411,54.6675994,3
900,2,53.0,2,Senamiestis,25.287693,54.683127,5
600,3,67.0,9,Pašilaičiai,25.2253933,54.7259967,9
4500,5,185.0,4,Senamiestis,25.2964286,54.6765474,4
1150,2,41.0,2,Senamiestis,25.2891632,54.6820404,3
800,2,75.0,2,Senamiestis,25.2898263,54.6841157,2
1300,2,55.0,4,Naujamiestis,25.264768,54.680141,5
830,1,35.0,2,Užupis,25.2934874,54.67898,4
900,2,48.47,1,Žvėrynas,25.2456843,54.6987056,3
1100,2,74.0,2,Senamiestis,25.2817712,54.6892593,2
1200,3,95.69,2,Naujamiestis,25.2707414,54.6781128,3
750,2,52.0,4,Antakalnis,25.319595220530616,54.7241562,6
500,2,60.0,1,Pavilnys,25.354774,54.678549,2
2100,2,80.0,2,Senamiestis,25.287693,54.683127,5
650,2,66.0,7,Žirmūnai,25.3050482,54.7157121,12
650,2,45.0,1,Antakalnis,25.31507,54.7117059,5
1000,2,65.0,2,Senamiestis,25.2891632,54.6820404,3
1800,3,150.0,3,Žvėrynas,25.2534295,54.6949413,4
1400,3,96.0,1,Žvėrynas,25.2405189,54.6983927,2
650,2,38.0,9,Naujamiestis,25.2626184,54.6705058,11
600,2,49.0,1,Žirmūnai,25.2869142,54.7153427,9
450,1,33.0,7,Žirmūnai,25.3050482,54.7157121,9
1800,4,127.74,14,Žirmūnai,25.3050482,54.7157121,16
460,1,33.0,2,Žvėrynas,25.251407,54.6916327,2
700,2,53.5,8,Žirmūnai,25.300621223729205,54.71858105,16
420,1,30.0,2,Baltupiai,25.2784789,54.7275851,9
380,1,30.0,1,Rasos,25.2915607,54.67201,2
850,2,47.0,4,Žvėrynas,25.249828,54.695925,9
1500,3,105.0,1,Senamiestis,25.2921767,54.6776383,2
700,3,62.0,2,Pašilaičiai,25.2253933,54.7259967,9
1100,3,65.0,4,Senamiestis,25.2778908,54.6850306,5
600,1,22.0,1,Naujamiestis,25.2738379,54.6770904,7
1300,3,60.0,5,Šnipiškės,25.278242,54.6973462,9
750,2,62.88,2,Pašilaičiai,25.2164886,54.7385893,9
3000,3,76.0,3,Senamiestis,25.2964286,54.6765474,3
1000,2,89.0,3,Senamiestis,25.2891632,54.6820404,3
750,2,60.0,2,Pašilaičiai,25.2316746,54.7314012,5
550,2,51.0,6,Fabijoniškės,25.246433,54.731814,9
450,2,57.0,6,Karoliniškės,25.28206,54.682713,9
800,2,46.54,3,Naujamiestis,25.2758412,54.675117,5
1100,2,60.76,2,Naujamiestis,25.2738379,54.6770904,4
2700,4,126.0,4,Senamiestis,25.2778908,54.6850306,4
570,1,30.0,1,Žvėrynas,25.25119,54.6924339,2
750,2,70.0,2,Senamiestis,25.283634,54.6752973,3
1200,2,50.0,1,Paupys,25.3032805,54.6786994,4
480,1,18.0,5,Žvėrynas,25.2575185,54.6955659,5
1200,3,60.0,4,Senamiestis,25.287693,54.683127,4
1400,5,119.32,3,Antakalnis,25.312009,54.705407,3
1900,3,150.0,3,Senamiestis,25.287693,54.683127,4
1490,2,100.0,1,Senamiestis,25.2921767,54.6776383,3
900,2,43.0,4,Senamiestis,25.26602,54.686825,5
950,2,44.0,2,Užupis,25.3094597,54.6829015,3
400,1,25.15,8,Naujamiestis,25.2611411,54.6675994,8
600,2,53.0,9,Lazdynėliai,25.2148876,54.666674,9
700,2,56.0,2,Filaretai,25.305906651536606,54.6843502,8
2500,4,131.86,2,Naujamiestis,25.264768,54.680141,9
1300,3,101.67,5,Naujamiestis,25.264768,54.680141,7
700,2,58.0,1,Užupis,25.2923965,54.6805074,3
2700,4,136.0,4,Senamiestis,25.2835375,54.6766768,5
2500,4,143.0,2,Užupis,25.2923965,54.6805074,2
285,1,19.0,4,Naujamiestis,25.2629171,54.6806792,5
1800,3,103.0,1,Žvėrynas,25.2575115,54.6932759,3
800,2,50.0,3,Šnipiškės,25.2817254,54.6949273,3
560,2,32.55,2,Senamiestis,25.2897244,54.6793386,2
620,1,32.0,1,Naujamiestis,25.264768,54.680141,3
1700,2,118.86,15,Šnipiškės,25.2706146,54.6975998,27
1200,3,125.0,4,Lazdynai,25.2148876,54.666674,5
870,2,53.0,4,Senamiestis,25.287693,54.683127,7
550,2,52.0,7,Pašilaičiai,25.2316746,54.7314012,9
750,2,91.0,1,Senamiestis,25.287693,54.683127,5
550,1,28.33,1,Justiniškės,25.2219966,54.7167438,10
990,2,82.88,19,Šnipiškės,25.2706146,54.6975998,27
750,2,40.0,1,Senamiestis,25.287693,54.683127,4
1399,2,58.0,3,Šnipiškės,25.273601,54.697375,5
480,1,27.0,1,Žirmūnai,25.3050482,54.7157121,5
950,2,65.0,7,Naujamiestis,25.26530721591329,54.6913369,9
1500,3,102.26,2,Senamiestis,25.287693,54.683127,5
690,3,67.0,3,Fabijoniškės,25.246433,54.731814,9
1950,4,131.0,4,Senamiestis,25.2824605,54.6865081,4
1350,2,59.04,3,Užupis,25.3008276,54.6812167,4
1750,3,89.0,1,Žvėrynas,25.2534295,54.6949413,4
1300,4,150.0,5,Senamiestis,25.287693,54.683127,5
550,1,27.0,5,Naujamiestis,25.254835,54.670731,6
480,1,42.0,4,Pašilaičiai,25.2164886,54.7385893,9
200,1,20.0,1,Lazdynėliai,25.2158687,54.6671298,1
4500,3,90.0,4,Senamiestis,25.2964286,54.6765474,4
650,2,24.0,2,Viršuliškės,25.2249903,54.7072538,7
280,1,15.0,3,Lazdynai,25.2164788,54.6787988,5
1100,4,130.0,1,Naujininkai,25.2738665,54.6659553,1
1000,2,54.0,1,Burbiškės,25.2709531,54.6518753,5
850,3,80.0,3,Šnipiškės,25.2725536,54.7004606,5
300,2,36.0,3,Antakalnis,25.312009,54.705407,5
400,2,42.0,2,Antakalnis,25.312009,54.705407,5
